gene,lfc,fdr
Cplx1,1.605244298759593,3.995872965891059e-181
Rab3c,0.9189451062342057,7.145098327784162e-75
Calb1,-0.8019231045948392,2.229022535161357e-72
Slc6a3,0.9376666062486985,5.4483091278961465e-70
Sncg,0.8848115491959089,5.266205962179039e-67
Nrip3,0.6161415377875541,3.206148142123815e-55
Fxyd6,-0.5009238839363961,1.96076718658429e-52
Ndnf,0.3381431816784535,1.7057437653551672e-44
Ahi1,-0.6107316877601474,3.642801554976481e-43
Calb2,-0.5905470011598792,1.1413293761696414e-42
Nnat,-0.5213105766179471,4.918653123188399e-40
Cck,-0.6144335077988832,4.916514367065623e-38
Sv2c,0.5054486645649705,3.4733390989351255e-35
Ldhb,0.5440890580919218,4.3900386211401655e-34
Lix1,0.3038535648287064,3.118671086881235e-33
Plcxd2,0.4297206480509827,3.8456430296729285e-31
Rps27,-0.42081948672698566,3.4788242533507685e-30
Tagln3,0.5426894695734146,1.2243410798145538e-29
Rps19,-0.4174571523122099,5.805812760912348e-27
Slc18a2,0.5246369024005295,5.982120072341373e-27
Hpcal1,-0.2824375516038834,7.40345990545185e-27
Msi2,0.41785967773594823,1.2080002732588127e-26
Rps24,-0.4093756466325482,1.830231301405083e-26
Col25a1,0.29012976333862844,4.6285755813058965e-26
Rpl21,-0.3944673881511034,3.379676516103068e-24
Mdh1,0.40373010528695397,1.7262299066386387e-23
Snap25,0.3664749601373254,1.325752220948076e-22
Vsnl1,0.43895460000736486,3.478649203901354e-21
Sncb,0.38910230595890205,3.328704734970616e-20
Ly6h,-0.45007496426828897,3.502732743383198e-20
Kcnj6,0.29370876222417164,6.499007700881865e-20
Eef1a1,-0.33621636874752214,9.423388501417932e-20
Nap1l5,-0.39430281769132125,6.460174837559557e-19
Lmo3,0.26782632745612467,1.0934836587004465e-18
Rpl9,-0.3572521158174222,1.3428341330376454e-18
Rab6b,0.39679628469175476,2.726021964294383e-18
Hap1,-0.2638932220089505,3.79948417159018e-18
Rap1gds1,0.37350729983541864,3.79948417159018e-18
Mif,0.3750189093004548,4.227655172400867e-18
Chchd10,0.37373404607529737,5.0330327521709675e-18
Cadm2,0.48557147988596383,6.8714443329699655e-18
Ddah1,-0.3508825670015473,9.261109885232607e-18
Rpl9-ps6,-0.3464706965160731,1.6136454961463836e-17
Ppm1e,-0.23993830137616223,3.058468234512504e-17
Bc1,-0.24548390859093638,4.4961213678701277e-17
Scg2,-0.40052299159530647,4.633940213425565e-17
Rcan2,0.3137210049766313,1.1797506109887114e-16
Amotl1,-0.26971927843089094,1.5902185696485222e-16
Ddc,0.35785535209944963,2.5317965320492686e-16
Resp18,-0.38669313761976387,2.708547562869662e-16
Caln1,0.2726946101428682,5.875390746604662e-16
Rpl37,-0.2951228929351073,9.382633301945731e-16
Nwd2,0.2191909803287156,2.934716156811952e-15
Rps12,-0.3281299464177134,3.4257864163373802e-15
Rplp1,-0.2667346462654807,4.6807485203549255e-15
Ret,0.36558957955594995,1.1496682772444403e-14
Ndrg4,0.3526561689160155,1.2511793925122003e-14
Gm37459,0.19442843595380482,1.3245317858486907e-14
Rpl41,-0.258701855368225,3.062110396093317e-14
Rps8,-0.2825831607937035,3.062110396093317e-14
Rpl17,-0.2992769181551971,4.879994996710222e-14
Kcnab1,-0.18728828036553596,1.2077414055017213e-13
Pou3f2,0.15060010808233146,2.0998259660707884e-13
Serpine2,0.26747032007975763,2.339543735392765e-13
Slc25a5,0.2818514008317015,6.51721627219047e-13
Kcnd3,0.275155359630642,8.471427340747175e-13
Grp,-0.17995124978474575,9.533988268511792e-13
Uchl1,0.2549907212034208,1.245977085884687e-12
Gpr158,0.2700740588765963,1.5203356780814704e-12
Dlk1,0.34452203888444144,2.0631789440046804e-12
Rps27a,-0.27635000121942066,2.0631789440046804e-12
Cplx2,0.27578797956871365,2.5159361172544064e-12
Rpl30,-0.29890031634319425,3.106244808849115e-12
Rgs6,0.221473204225294,4.930597503825952e-12
Lbh,0.18922527425342334,5.331930027809943e-12
Plp1,-0.3811079756400533,5.331930027809943e-12
Rps21,-0.2525689497500401,6.008248561160378e-12
Hps5,-0.20996921562883797,6.0984646304025525e-12
Gaa,-0.3207392334783431,6.6164247413469635e-12
Rpl24,-0.3125136032579461,8.21013983768057e-12
Syt1,0.35455121990220073,8.536177847782299e-12
Cend1,0.3115281261742947,1.1765306691109389e-11
Drd2,0.22609606486211448,1.191113120460437e-11
Rps5,-0.3431660826238079,1.3334936366676774e-11
2010107E04Rik,0.29827850545096757,1.8331063524832094e-11
Apba1,0.2546529918515031,2.6661429956152516e-11
Malat1,0.4249748208373543,3.714517866877722e-11
Tecpr2,-0.26926059115135803,4.794810883660712e-11
Atp8a1,-0.17248166185608457,5.220388167534121e-11
Necab1,-0.167847218323498,7.457387005163697e-11
Gm26510,-0.25460816554117405,1.1231841564764022e-10
Fam204a,0.12444426998420421,1.3872614894013915e-10
Nme7,0.2548155957520686,1.447197014019047e-10
Sdc2,-0.22227298433003806,1.7015502705131688e-10
Tppp3,-0.2618964639197937,1.8062181083268086e-10
Pbx3,0.2425486302482952,1.8671833234411432e-10
Chrna4,0.19333158513242124,1.960806678546605e-10
AC165271.1,0.13928080572299062,2.0169368647812738e-10
Pnmal2,-0.2803841163917744,2.031107845135127e-10
Rps3,-0.285049379317444,2.1041949534862089e-10
Gm10073,-0.2794805995646681,2.1783250642745915e-10
Rps11,-0.30633124294429726,2.2371107395246292e-10
Slc10a4,0.3017474537446574,2.3804842956156404e-10
Rpl8,-0.28268608091108893,3.042329619615048e-10
Mbp,-0.273586712282216,3.6494342599733083e-10
Rps27rt,-0.255366384297239,4.472693455373296e-10
Zcchc12,-0.2915456190178728,5.025024546714467e-10
Foxp2,-0.18421255068026698,5.437915195078744e-10
Satb1,0.17763597872542078,6.57718375391067e-10
Rps10,-0.28411983915436845,7.516932167344734e-10
Caly,-0.26722442844020444,8.022441342921697e-10
Gm20388,-0.2597483975405399,1.6747289963357555e-9
Rps23,-0.2694418098734561,1.6747289963357555e-9
Atp5g1,0.29751132886319676,2.4012671898171315e-9
Rpl22l1,-0.2855799706230844,2.4580654068701727e-9
Rpl13a,-0.21807992293289935,2.7256694237413603e-9
Rps26,-0.26598109356006217,2.9130129058272464e-9
Cox7b,0.26920661718678707,3.095298963462658e-9
Fth1,-0.20469996239940258,3.231893412146692e-9
Rps4x,-0.2897821737957078,4.0931216409747925e-9
Pcsk1n,-0.2352472273393582,4.526411507321852e-9
Rpl32,-0.24117711203284897,5.074753859569002e-9
Pex5l,0.18262112368000202,5.515345757667075e-9
A730017C20Rik,-0.1881774995164524,5.607758301489089e-9
Rbms3,0.2263647059468133,5.607758301489089e-9
Gm45837,0.1538940341898878,6.618821804258051e-9
Rpl26,-0.2487389348162823,7.5406503255275e-9
Pitpna,0.24768833550286495,7.56717482242325e-9
Atp5g3,0.27882428129226056,8.384588578288252e-9
Adgrd1,-0.25728933935781917,8.765001293847947e-9
Tcp11l1,0.12764362493768805,9.613982572554005e-9
Fau,-0.2406844410183866,1.0394782218609972e-8
Epha4,0.13448904119398192,1.2488770760411903e-8
Cntn4,0.13098069707549873,1.25256962812919e-8
Rpl10,-0.244267507353497,1.4305627958246793e-8
Clstn2,0.24110457649291195,1.661379390832947e-8
Gpr26,0.114123127882192,1.7687569924900565e-8
Ptpn5,0.18738822201419864,1.8627961817195842e-8
Apoe,-0.24387321070619006,2.0290764301049737e-8
Lmo4,0.20565337906349362,2.2411063589528693e-8
Atp1b1,0.26932275383735904,2.460921691758533e-8
Bex1,-0.28613804937476106,2.7047628626718446e-8
Ncald,-0.1995408489003111,2.7047628626718446e-8
Rtn3,0.2574673569544603,2.7047628626718446e-8
Sst,-0.17242084291116788,2.8872145703085288e-8
Rps20,-0.23544549054976271,2.9950443425318515e-8
Ndufa11,0.28073193507284566,3.0442585284017685e-8
Plcb4,0.2046943233487859,3.6525515732828176e-8
Stmn4,-0.1987761538336178,3.7012815736781034e-8
Thy1,0.21007691780681337,3.815295996492575e-8
Fstl5,-0.1265808402312411,3.9552847625670665e-8
Gm10076,-0.24956067931888082,4.351821408216086e-8
Zdhhc2,0.15286172253604685,5.474116238934181e-8
Fam210b,0.15492088628120484,6.535238218716195e-8
Vdac1,0.251124297371649,6.693031284249548e-8
Rpl36a,-0.26175579967060636,7.216768545176383e-8
Rpl27a,-0.2504330414527758,9.841601817239775e-8
Rps3a1,-0.26604095339299527,1.0573755250738472e-7
Rpl3,-0.23728623062578436,1.12144038634654e-7
Trpm4,-0.246154395164077,1.12144038634654e-7
Rps16,-0.23944503264684713,1.122495544033666e-7
Rps14,-0.2023244780692317,1.1237130515307888e-7
4930481A15Rik,0.23464934946451121,1.1473782035214622e-7
Nrsn2,-0.20771312484682974,1.2669504681699215e-7
Acot7,0.26342779597882204,1.3778275823136735e-7
Trf,-0.18180353235744412,1.3857669893944935e-7
Vamp2,0.232076113394467,1.5984632532959476e-7
Rpl23,-0.23070782315715843,1.663667395809508e-7
Rpl13,-0.24038645108244672,1.744187646732764e-7
Rps7,-0.2561037995274915,1.7960796537627608e-7
Ehbp1,-0.14959746636160462,2.497878099642053e-7
Nos1ap,0.22074902499888505,2.500571971763839e-7
Pdss2,-0.23790190589184257,2.500571971763839e-7
Spint2,-0.11140893166907759,2.500571971763839e-7
Mobp,-0.2549351658865723,2.6316258739334134e-7
Cox7a2,0.22588799287462002,3.59777239481835e-7
Gadl1,-0.23117060360362895,4.320636751756931e-7
Rpl14,-0.2380942651156539,4.320636751756931e-7
Ptma,-0.19873801111251033,4.5194720114777737e-7
Rps29,-0.19561948618977332,5.464812333021697e-7
Tmsb4x,-0.18690323729421765,6.48809396087101e-7
Uqcr10,0.24093977578369064,6.757743228965783e-7
Mapk9,0.17907743725013275,7.421214931649079e-7
Uqcrq,0.23770298118377275,9.24320999153457e-7
1700007G11Rik,-0.181599844055654,9.7025072309336e-7
Pglyrp3,0.1816869754984483,9.721787157869944e-7
Fgf1,0.09803271509763685,1.0804700592939907e-6
Rps28,-0.2025158321821161,1.0840777701487398e-6
Napb,0.22397312404475345,1.0862867609444446e-6
Naca,-0.2384605705707299,1.0911623139022843e-6
Rps6,-0.22692104050343231,1.1125718594955283e-6
Cdh8,0.15551906906055987,1.138298193488369e-6
Vwc2l,0.11820247092739936,1.154620909482131e-6
Mesd,-0.11082608121812447,1.1928271132431986e-6
Serpini1,-0.17638602424709665,1.4089140651824535e-6
Aldh1a1,0.3513578775371864,1.6033288098824698e-6
Atp5b,0.23163979410580304,1.7515151655794946e-6
Rps9,-0.23647043894668895,2.0185818935556904e-6
Rpl31,-0.19264853513171265,2.182631351832029e-6
Trpm3,-0.18222103229007575,2.182631351832029e-6
Ipcef1,-0.17349378508739244,2.2027579745611578e-6
Sgcz,0.18725311299424263,2.5734262909989115e-6
Cadps,0.17253285677577046,3.1791645032805895e-6
Bsn,0.15863800243832843,3.390189304985329e-6
Etv5,0.11396313055762661,3.390189304985329e-6
Tlcd1,-0.22180629025722487,3.47543540785411e-6
A2ml1,0.11255932919505494,3.969199615897822e-6
Rps15a,-0.23952883503359113,4.1168176502665015e-6
Rpl11,-0.22115495001409058,4.201476626573653e-6
Marcksl1,-0.10128322511084056,4.468200927274429e-6
Cadm1,-0.17005274167257034,4.526860245719032e-6
Cpne6,0.14926282877682223,4.701511045958226e-6
Gfra1,-0.10801855633751584,4.949846901945508e-6
Brinp1,0.11482851347881365,5.553233429963195e-6
Gm1673,-0.2116771904710355,5.621274958103866e-6
Rpl39,-0.19045237428264794,5.621274958103866e-6
Rpl19,-0.21676952236590274,5.823306625273787e-6
Rab3a,0.21761493070517246,6.737244671055979e-6
Hspa8,0.15673979647977632,6.936109586095467e-6
Nme1,0.24407012613327939,7.371689741527339e-6
Atp2a2,0.19195828068399617,7.440504032475873e-6
Map1lc3a,0.23361435045979362,8.123232436084523e-6
Lsamp,-0.3073599394862152,8.706943249777823e-6
Pnck,-0.13867900414371476,9.152259872596888e-6
Rpl10a,-0.16960318469971375,1.0269358109617407e-5
2600014E21Rik,-0.18444045315897029,1.0409423389111864e-5
Rpsa,-0.2134365200601951,1.0768830999080301e-5
Cox7c,0.1492295827474157,1.1464513456626343e-5
Rgs7bp,0.11720850687164258,1.419674881526996e-5
Myl6,0.22550338611580334,1.5854628531815222e-5
Dynlt3,0.1542436421632139,1.5911879901736343e-5
Lnpep,0.12067810056485018,1.64060680942947e-5
Slc25a4,0.19284715411243858,1.64060680942947e-5
Pgm2l1,0.17243135485621763,1.8572076018241883e-5
Grid2,-0.11501971837692579,2.192017214056718e-5
Nphs1,-0.10301966285438022,2.2766156121801314e-5
Alcam,-0.10537297173375382,2.352746164720704e-5
Rpl10-ps3,-0.16981768709118517,2.4084996657754324e-5
Chl1,-0.1329168300177821,2.9557750799020094e-5
Rps25,-0.20528342411186062,2.9840289286861283e-5
Rreb1,0.08248238270230375,3.0078790407309413e-5
Gm2000,-0.19544992202569866,3.2640739932920185e-5
Kcnip1,-0.09415144611146051,3.292249467291451e-5
Kcnd2,-0.11749025831410903,3.385770478316252e-5
Rpl12,-0.21917764568939235,3.564844679950173e-5
Tpi1,0.19974371184478557,3.6569466452027416e-5
Zdhhc20,-0.09338799889292483,3.6569466452027416e-5
Sfxn3,0.09520178744869763,3.704489810104055e-5
Tpt1,-0.20725496347773875,3.7903397987397e-5
Slc35f1,0.11471315641787408,3.825100544931199e-5
Uhmk1,0.17580673278610265,3.825100544931199e-5
Mcc,-0.11315021048698318,3.905498841686013e-5
Robo2,0.15521688626305935,4.332865125279108e-5
Ap2s1,0.17243648596899686,4.3682196070811435e-5
Usp11,-0.12200423689558232,4.4090436800781695e-5
Micu3,0.1643057476173081,4.9028280144781226e-5
Pfdn5,-0.21856472086157663,4.9028280144781226e-5
Cpne7,0.1414628408874194,4.974092835115362e-5
Mal,-0.1255871679985775,4.9785248847284445e-5
Tigar,0.08029001985693658,5.4395464817270614e-5
Hnrnpa3,-0.15186667634281237,5.703588649886777e-5
Rimklb,-0.19178880098619722,5.703588649886777e-5
Tsc22d4,-0.1534727547816741,6.108819456267399e-5
Cox4i1,0.16239650290618135,6.135290590574975e-5
Calm2,-0.18384399419644337,6.22390105580209e-5
Pde1a,-0.1163667047340105,6.534323283406068e-5
Tuba4a,0.1707058445689405,7.161646815703115e-5
Eef1g,-0.2050112738293175,7.202943641008182e-5
Gprasp2,-0.17200762307265338,7.202943641008182e-5
Ndufv3,0.216272737051882,7.819831077977144e-5
Cox6b1,0.18839250717403733,8.09121600494236e-5
Ndn,-0.22301837627551624,8.09121600494236e-5
Orc5,-0.15031791952870088,8.09121600494236e-5
Rpl38,-0.169132696109076,8.09121600494236e-5
Cd47,0.143250972271177,1.0644267764272744e-4
Map1b,0.21401594964266124,1.0819868139749039e-4
Cbarp,-0.1415036978419234,1.106663631663993e-4
Rpl35,-0.20241097461584978,1.1120643213289799e-4
Gpc6,-0.15155009564818048,1.123593071099279e-4
Cldn11,-0.09985911586993074,1.1324484105031665e-4
Stmn1,-0.1839421126128571,1.1376204257967611e-4
Mef2a,0.09092144007160273,1.151235674757075e-4
Uqcr11,0.17867292621638353,1.151235674757075e-4
Cox5b,0.19901781312458877,1.1830429677794427e-4
Tyrobp,-0.11291484897104892,1.1905756190453345e-4
Slc38a1,0.12388894665120911,1.2377137561725234e-4
Gapdh,0.19048132930886075,1.3461317399908053e-4
Pla2g16,-0.09995137892709685,1.3593691011661125e-4
Cd63,-0.13273358109270333,1.3941704788847703e-4
Sod2,0.15202088004112063,1.5207327149352394e-4
Kcnn3,0.10079324871929043,1.522894446764936e-4
Apod,-0.1546536154808813,1.5678411923464005e-4
Atp5j,0.18741223711406052,1.585941213211748e-4
Selenow,0.19443374926267598,1.585941213211748e-4
Tspan3,0.18540896143474017,1.7014170386269036e-4
Rapgef5,0.11391185608279922,1.735169862099095e-4
Cdh11,0.11339322258709891,1.7404940612799345e-4
D130009I18Rik,0.1590422402911591,1.7460275236345237e-4
Mmp11,0.1534819056724399,1.7460275236345237e-4
Rpl37a,-0.14662658893646485,1.7845655823240774e-4
Gm15976,0.18430934020519563,1.8052354633974437e-4
Hcfc1r1,0.18986325530235948,1.8052354633974437e-4
Pdia6,-0.09339370633486943,1.8052354633974437e-4
Elmo1,-0.12102605956823217,1.8065226341117544e-4
Tmem47,0.10010122875045357,1.8746038788283558e-4
Prkca,0.1481317522143204,1.9343947186516478e-4
Zc3h7a,0.12257281819114763,1.9370280723834125e-4
Fkbp1b,0.104348795932654,2.0421570240345186e-4
Gng3,0.1935994578002731,2.0516656037125405e-4
Rpl4,-0.2020567315733497,2.1345701342712916e-4
Mindy2,0.10326287267714201,2.265707112307783e-4
Sesn3,-0.08056806671365596,2.372408542842002e-4
Pcdh17,0.07801931509940147,2.3832038482884943e-4
Ndufa4,0.1587537421650369,2.4957397746940935e-4
Ndufa3,0.1712670515303658,2.5713071548841537e-4
Agpat4,0.12284205504057705,2.6034443050575336e-4
Spats2l,0.08445550595946281,2.627407537477355e-4
C1qb,-0.07760932321602337,2.8615256818613114e-4
Wdr6,-0.1522497333910206,2.8615256818613114e-4
AI413582,0.17741969752127484,2.9139755641079243e-4
Rps15,-0.16029412860874803,2.9139755641079243e-4
Smim13,0.12042144456976842,2.983845526379337e-4
Dalrd3,-0.1302223896920155,2.983845717042865e-4
App,0.17558571463761696,2.987860750940945e-4
Atp6ap2,0.1400850362879621,3.012190451776389e-4
S100a16,-0.1126772729532883,3.0286021602502535e-4
Lrrc3b,0.0823682150770525,3.056198909684946e-4
Hdac9,0.15158564954688003,3.058900113891873e-4
Lrpap1,-0.12895778203449748,3.117231297224596e-4
Nrn1,0.08546611452339178,3.141955250555399e-4
Prm1,-0.09736692172597802,3.183695205329576e-4
Gnai2,-0.13793181332408277,3.2036109532930073e-4
Nenf,-0.16893597974470775,3.68851289571521e-4
Pcdh7,-0.11415116065455166,3.89455028491567e-4
Retreg1,0.08721976410761878,3.97075396801865e-4
Pkm,0.1454361312251895,4.0202550671778137e-4
Rab39,-0.10984338155771345,4.469085562016656e-4
Eif5a2,0.08150260837877571,4.520409733762137e-4
Nckap5,0.1621571726797425,4.6285794360063557e-4
Ndufc1,0.193470659334112,4.740310984735413e-4
Aplp1,-0.14845822242855167,4.8111600642857053e-4
Ddb1,0.1190980406820536,5.006346500500765e-4
Anxa7,0.07857446582570479,5.46708615150715e-4
Pdlim2,-0.07691464840044912,5.644038834856474e-4
Tmeff2,-0.11903781364952107,5.732356928238138e-4
H3f3b,-0.15959723443554263,5.967134774053768e-4
Ubb,-0.120909565242314,6.036607100893174e-4
Atp6v1g2,0.13776701641748523,6.371572684057701e-4
Rpl6,-0.1834109028991151,6.704640988080361e-4
Rab6a,0.16940634355642192,7.018165792185992e-4
Cotl1,-0.12258937507810769,7.03499655461772e-4
Gde1,0.15864521755775352,7.180795785890491e-4
Naaladl2,-0.16199796172733394,7.180795785890491e-4
Rpl7,-0.1942849276578138,7.318670870513159e-4
Ctxn1,-0.10321299868028308,8.043475684542197e-4
Anxa6,0.07418645746682788,8.094040724162659e-4
Cdk5r1,0.13531485416314615,8.267640198531642e-4
Sparc,-0.16522018402612437,8.46484783355083e-4
Ndufb2,0.17176722440597803,8.738171043409987e-4
Ppp1r14a,-0.0713429364604509,8.946803150739604e-4
Zfp839,0.09665574738554294,9.254025350589956e-4
Tubb4b,0.17551249690948678,0.001059819788111579
Ccni,0.11099020233875417,0.0010663206881827824
Cox6c,0.13589757256763146,0.0011288389280397593
Gm20425,-0.10082770135182836,0.0011457196396333494
Dctn4,0.06255823606227376,0.0011728956245581927
Ndufb7,0.1907538113538798,0.0011801415607211989
6330403K07Rik,-0.188694271168786,0.0011993827057228963
Gatm,-0.07549097486509823,0.0012323233790262889
Elavl2,0.17237501210979567,0.0013678574140758763
Myo5a,0.1352431106805822,0.0013682786706594328
Zcchc18,-0.17774641391913826,0.001428481583738188
Tacr3,-0.08265401435951764,0.0015083300854769064
Tusc3,-0.12392075270646818,0.0015156915967299497
Kif3c,0.0963240106823626,0.0015184259588399013
Gm26561,0.11961685251378373,0.0015505491870830303
Psd3,0.1253698484662074,0.0015505491870830303
Tcta,0.07419510574699686,0.0016425389627426476
Armcx1,0.09298407683614668,0.001705862210013719
Spock3,-0.09793100502178459,0.001778690776116504
Tcf12,-0.07506645131259686,0.001781484079756886
Nrxn3,0.2465762771572897,0.0018164615230327943
Cmss1,0.12293450236087411,0.0019013313352456774
Got1,0.14584101907638375,0.0019637386251725106
Rps17,-0.15495219106697866,0.0019637386251725106
Stmn3,0.14360475515585147,0.0019637386251725106
Garnl3,0.08261412635390755,0.002087785773494369
Snca,0.18090574858035913,0.002087785773494369
Frrs1l,-0.07197290591540384,0.002093618365295935
Calm3,0.16133678650511363,0.0021218314936183864
Gng13,0.07836139762170427,0.002187860222435614
Idh3a,0.08214874984414317,0.002187860222435614
1110008P14Rik,0.15599253352237996,0.002216586587566762
Actg1,0.07341034664380178,0.002216586587566762
Grm7,-0.11252479695408563,0.002242884437123329
Gm26825,0.13742813622241679,0.002249435531580426
Atp6v1e1,0.1835531796501526,0.00229543513421535
Ttll7,0.11980765192776421,0.002307009238336132
Csrp1,-0.1134757443061668,0.0023253301061883116
Pnpla7,-0.05768336878446792,0.002350146066259463
Gm36264,-0.12956720575723635,0.002373173999436042
Grik2,-0.06885522476181574,0.002460945201805916
Lin7b,0.10066746389145295,0.002496128872714572
Rtn4,0.1749126607107111,0.002503171797504993
Srsf3,-0.11954927631114154,0.0025084820592751415
Gstm1,-0.0883259090241757,0.0025248553922354662
Sult4a1,0.14304921751451738,0.0025561154630547693
Gpi1,0.170611710463336,0.0025820934527821977
Timm13,0.06123557714061756,0.002594688949327636
Ntm,0.14335713428961244,0.0026078027126392876
Vmp1,-0.1534124636917824,0.002707410232866784
Pcdh10,-0.09761859034323878,0.0027642605362156705
Nap1l1,-0.14164003012574333,0.002786202211552083
Bcas1,-0.07577718303292777,0.0028147983690348906
Arl2bp,0.11775564198584731,0.0029874551262802046
Rplp2,-0.14105837120293918,0.003033310533535713
Car2,-0.08873754996935554,0.0031557513814198562
Nsf,0.15404689668640514,0.0031557513814198562
Cd81,-0.16312494455240478,0.0031569458548472073
Sv2a,0.15942891748510568,0.0031569458548472073
Bex4,-0.09087844238555909,0.0031738818622874736
Ldha,-0.16087349995370315,0.0031738818622874736
Sh3gl2,0.10996144009757075,0.003182443064170652
Fars2,0.08771123708854828,0.0032322058724377953
Ap3s2,0.06879603914073049,0.0033540640064201777
Atp1a3,0.15819147699180414,0.0033540640064201777
Enpp5,0.10907074156549318,0.0033540640064201777
Gnb1,0.15920149254656024,0.0033540640064201777
Rpl18,-0.17768860336775538,0.003368235592116816
Chst1,-0.10509618401402676,0.003386326938510965
Ssbp3,-0.09005450339247156,0.003386326938510965
Cmtm5,-0.07345683327305128,0.0034132724875695418
Eef1b2,-0.16722763788149808,0.0034132724875695418
Atp5c1,0.17253233844014348,0.0034565680359047598
Ctxn2,-0.15089088478117274,0.0034565680359047598
Atp1a1,-0.058856874276347004,0.003569604394906024
Rell2,0.08834843719502739,0.003647294482194958
Erp29,-0.13525170556249183,0.003761143183728689
Hspa4l,0.11770511644505088,0.0037761165383508885
Enho,0.11014817271441957,0.0038799776623349384
Dynll2,0.16872733653687244,0.003926159164472642
Paip2,0.14191784505964822,0.003926159164472642
Tceal6,-0.09811750277047693,0.003926159164472642
Ndufb8,0.1808610831124584,0.004068640323672274
Rpl18a,-0.13219210480134125,0.0041309942887113845
Syngr3,0.136020868149351,0.0041309942887113845
Trpc6,0.0783948435244415,0.0041309942887113845
Klc1,0.16560894990172637,0.004244100639546048
Mgp,-0.06195183205714566,0.004271215386048237
Cox14,0.14609103469165596,0.004288144596902933
Phyhipl,-0.0906260021265177,0.0043309624302027725
Med26,0.14665905082733477,0.0043604595849489666
Dnajc6,0.11861914999862017,0.0044284912859531775
Tsr3,-0.07580829927454319,0.004467104107955048
Polr2l,0.10154680067592703,0.004469031494895161
Hagh,-0.11310191656288437,0.004528224546864234
Prdx1,-0.16336511974599677,0.0045310497129506565
Podxl2,-0.09857511777201342,0.004545343226244444
Hpca,-0.12008503006959886,0.004609571769782647
Setd7,0.08226783968804802,0.0046101541325890725
Glrx3,0.1195675411980392,0.004622033010531034
Phactr3,-0.07938771429948244,0.004622033010531034
Ttc19,0.07954406706936634,0.004622033010531034
Diras1,0.06938222869564825,0.004631206514949295
Atp5f1,0.1508704913456067,0.0046355663034320874
Sema5b,-0.07460777825820991,0.004920481311618343
Nalcn,-0.07859087032427714,0.004955636582962919
Usmg5,0.15097694352122248,0.004983965366102386
Kcnq3,0.10321590080272347,0.0050213329216914045
Mog,-0.05195329347155596,0.005090901201539696
Pde4a,0.0637773817488653,0.00512647739254776
Cox5a,0.17002553743029458,0.005139657347574273
Serinc1,0.1482267774130801,0.0052071314794494596
Gprasp1,-0.16916401808666637,0.005264510462015945
Fkbp8,0.09402112204188662,0.005336009072276007
Cfdp1,-0.13536879635751253,0.005340279003003036
Uso1,-0.1443078303583496,0.005370705029589018
Cyfip2,0.11208904344256854,0.005382828118888709
Arl6ip1,0.15453701489228278,0.005398554586361314
Reep1,0.10497826387248943,0.005422041641347351
Emc9,0.09129419268495151,0.0054482851444672305
Gstp1,-0.1315473171996988,0.0054482851444672305
Ptprz1,0.08423681239303057,0.0054482851444672305
Puf60,0.004220168282623504,0.0054482851444672305
Lypla2,0.061568865366062236,0.005457280052453164
Nceh1,0.06023910337845577,0.005457280052453164
Tuba1a,0.10464359498093279,0.0054793976064177324
Pcp4,0.08936075223940376,0.005493664468589467
Fam168a,0.09581791342641224,0.005557404762391892
Cycs,0.11721938409801502,0.0056014499516725295
Cacna2d3,0.08803322301289285,0.005665984711653228
Higd1a,0.15365879782662972,0.00567735312541879
Chn2,-0.053658156581407324,0.005757183705133827
Camkv,-0.08362263453764757,0.005924918155255074
Pvalb,0.057638308133428434,0.006111623177097215
Il1rapl1,-0.09547738778381937,0.006161539123687392
Kazn,-0.07811578139580314,0.00621271417021764
Tmem160,0.12234760552106327,0.00621271417021764
Zwint,0.11995960204101896,0.006396033062668635
Gfap,-0.07045612409186719,0.0064712273396374245
Lonrf2,-0.10025257802719686,0.006499258476450263
Selenop,-0.08887608381064699,0.006768923473684567
Vcp,0.1200702083116515,0.006821984653610186
Lpgat1,0.09835691368784974,0.00696229775392263
Azin1,0.08370325436299597,0.007021769651681288
Mir124a-1hg,0.07614691271091803,0.007056934200194231
Hspbp1,0.0901758280566749,0.007077537491317772
Rnf14,0.13146901597156369,0.007645759632784057
Pdia3,-0.04615230845306356,0.00775123296774701
Phykpl,-0.0857572244925068,0.00775123296774701
Mrpl13,-0.09798585097849127,0.00805247797571008
Bpnt1,0.06931161094321987,0.008161805318667684
Stxbp1,0.14273353603581873,0.008239228191577215
Hnrnpk,-0.13449292906418464,0.008256525447946016
Ndufb6,0.1389604170442218,0.008297844248602729
Zfp804b,0.08468999188787166,0.00831495364998017
Ywhag,0.15386519429495715,0.008419875555766137
Sept4,-0.09502431294582228,0.008467296257274621
Gm14325,0.06734900613232286,0.008524944720535207
Bicd1,0.07012733430886745,0.008645747958831877
Myl12b,0.1336033508473986,0.008645747958831877
Prepl,-0.08455652542673,0.008829573788708639
Ctss,-0.06132440159634149,0.008966014217062092
Gm20458,-0.10274259814913933,0.009025312372458398
Epha5,0.09281597184259058,0.00911973311376386
Macc1,0.06966901406221016,0.009306246460245816
Diras2,0.058501858139843904,0.009332051922658107
Nup210l,-0.13151849592977505,0.009378134347345739
Actr1b,0.10015529032559767,0.00963282172385985
Meg3,0.10742059386591607,0.009642995326713104
Syt5,-0.07288661910498084,0.009704580270706779
Tspan2,-0.04237734646173083,0.009704580270706779
Spag16,0.08685420377054759,0.009767170286676409
Dmxl2,0.08776447184928274,0.01050370742463952
Tmem38a,0.0835670200380619,0.010628198102265658
Usp5,0.09235827765039156,0.011007657561163316
Atp5h,0.12775148103801692,0.011020559911177034
S100b,-0.15463284000739985,0.011059604547457157
Cdipt,0.07669746588694917,0.011167473037270559
Agk,0.05162714876550503,0.011248488084524586
H3f3a,-0.07679364216814985,0.011264983776128357
Kcna2,0.060566169858011804,0.011264983776128357
Pafah1b1,0.13969494709900476,0.01150828131293103
Cntnap4,0.08733762366367803,0.011638328631030512
Jarid2,0.10257135103646275,0.011739021744525667
Phyh,-0.08429649370150522,0.011739021744525667
Oaz2,0.1248624817063333,0.01210830003406755
Epas1,-0.049810944760135645,0.012161543764680954
Gpx4,0.15334814471430813,0.012161543764680954
Mgst3,0.11347451448263829,0.012161543764680954
Cndp2,0.04602795899891819,0.01219475920706724
Ckb,0.1404480852284571,0.012292710538769049
Ftl1,-0.07654186678640196,0.012360775623260723
Tubb3,0.13233027247794515,0.012360775623260723
G3bp1,-0.06924271388277439,0.012383791377376597
Gnb2,-0.12826110463632534,0.012383791377376597
Gp1bb,0.11130624321055138,0.012383791377376597
Gramd1b,0.07487489217332663,0.012383791377376597
Usp50,0.11896067338203625,0.012383791377376597
Atp2b4,-0.057681810412497356,0.012578404419535831
Chmp4b,0.12227578898099828,0.01263198939228598
Pnpo,0.07463602421736884,0.01263198939228598
Mien1,0.12691977366718388,0.012638919024322615
Tcf4,-0.09793011000574064,0.013000029441574364
Synj1,0.12539207046142675,0.013225461410323155
Uqcrfs1,0.1423888730028433,0.013403544378593197
Atp6v1g1,0.12991553871917383,0.013749943834839438
Ubr3,0.07723121009732889,0.013749943834839438
Dtna,-0.07042999108546666,0.014004291458797023
Kantr,-0.06262753268759484,0.014458888237684842
Arhgdia,-0.1110438212590164,0.014541786924127161
Ghitm,0.1282719120805823,0.014662483845294977
Gad2,-0.0702989175107431,0.015044469884898956
Tmem130,-0.12249553383154199,0.01536819863600175
Hnrnph3,-0.050970753333697855,0.01540986144837102
2900011O08Rik,0.16047745182170348,0.015879671522095462
Txn1,-0.13864732653482859,0.015879671522095462
Id3,-0.05829257303819149,0.016009814902897344
Scamp5,0.08761456056202627,0.01609706046268299
Gm42416,-0.06258934033145787,0.016251773939906206
Sucla2,0.10489746251682747,0.016251773939906206
Tpm3,-0.08784983889131309,0.016251773939906206
Npc2,-0.09357686251705138,0.016342055102640262
Scg3,-0.09623263674949173,0.016505221482357602
Syt7,0.08306885915894813,0.016635072743326144
Sumo1,-0.0996585609479071,0.016644667298168464
Rrm2b,-0.10884222770848406,0.016720679075918544
Chrnb3,0.0745889022527636,0.01678786952787763
Cox6a1,0.11717909015879457,0.01678786952787763
Gm19951,0.11674657108403563,0.01678786952787763
Hmbox1,0.07020486619788152,0.01678786952787763
Rps18,-0.15587560805529876,0.016861307711003224
Tm2d3,-0.09982681017240325,0.01697667824125537
Hdlbp,0.06687439800390824,0.0169816151217516
Ptn,-0.07809158146810499,0.0169816151217516
Usp46,0.059103055224611345,0.01712725407997623
Idh3b,0.13485220032403566,0.01728127552583607
Pdhb,0.09463800501204328,0.01751373720591538
Wscd1,-0.0714839072087238,0.018121261718351402
Rtca,0.08097052158934553,0.01834367315514533
Eid1,-0.08481380895659699,0.018488820631298926
Glul,-0.1280801655156616,0.01851159336996553
Ssrp1,-0.061739308013429195,0.018658331560413296
Hdgfl3,-0.07458046657958858,0.01884128120566367
Stxbp5l,-0.06399045044621135,0.019175447809644364
Slc25a1,0.06021763443958719,0.01942890640442302
Syngr1,0.08735258314088895,0.019590540057162396
Cpt1c,0.06942286916634774,0.019686819148856484
Ptprg,-0.07246406462435825,0.019686819148856484
Copg2,-0.10311216730055367,0.01997726120892124
Cds2,0.11584901620044252,0.02010047144954159
Vegfb,0.08066505012408584,0.020198385561452394
Gng2,-0.07835696560692743,0.020276794968696384
Ppa1,0.09583670382845622,0.020350181247912078
Exoc6b,-0.03271031400719035,0.02036989406387232
Adgrl3,-0.09944687404568914,0.020736151447087008
Prdx5,0.14244056418967932,0.020736151447087008
Tmem256,0.12528015309360763,0.020976316995892096
Impact,-0.1370834831826887,0.021365937802982002
Cryab,-0.11972285303630781,0.02137460802956073
Hsp90b1,-0.11693025401846047,0.021466390638883222
Gria2,-0.0507704327726739,0.0216453657567599
Naxe,-0.08741136496913976,0.021841677843433504
Ndfip2,0.07557642699824527,0.0219243927797015
Traf5,-0.09884473172454089,0.0219243927797015
Rpl35a,-0.11287398778161939,0.021993307522363385
Trim30a,0.07566826000912963,0.02221494248018021
Glod4,-0.0808627993547178,0.022852484417721267
Snx12,0.07431335725334148,0.022968648534297486
Fbxo2,0.08788911587771375,0.02298878581080437
Ube2w,0.06965140915959708,0.02298878581080437
Ypel5,0.07054582861757366,0.02298878581080437
Prps1,-0.06779192164146547,0.023113940094225426
Tmem178b,0.09354616522122666,0.023113940094225426
Matr3,-0.11184527983520148,0.023721886927145403
Pcdh9,-0.12733498281752287,0.024322264813018784
Elavl4,0.12078793784690633,0.024395205052687566
Flywch1,-0.09751166011280749,0.024395205052687566
Mt1,-0.13069017553536,0.024395205052687566
9330179D12Rik,0.07159440997042027,0.024556977600723083
Mllt11,0.13849913884981235,0.024605414665933804
C1qc,-0.04828168351100176,0.024627732446379644
Ralbp1,-0.0681011725479235,0.024627732446379644
Lyz2,-0.03311508892565264,0.02462889446382027
Atp5k,0.13161104447623306,0.025164607756383007
Cdh13,-0.0935001191964881,0.025416196466554516
Gm38393,0.14433135268176622,0.025416196466554516
Lrrn2,-0.05440024013135686,0.025416196466554516
Atp1b2,-0.07375876619488078,0.025515710661413112
Ywhaq,-0.12207860393838432,0.02567453045082699
Mrpl43,0.089508104478493,0.02622634496827931
Rbfox3,-0.09634850343815915,0.02622634496827931
Gbf1,0.08981580831208869,0.026307615098729094
Mpc1,0.07964111980944003,0.026414308978177703
mt-Nd6,0.11940659097511963,0.026414308978177703
Epb41l3,-0.05697950315428474,0.02648298867031915
Fgfr1op2,-0.05883124116212213,0.026506572769581228
Got2,0.09893768797817593,0.026583310443062558
Gm20390,0.10816042709125367,0.026603799884569408
Calm1,-0.11159639597486715,0.02675163888604421
Prkag1,0.011470375997380211,0.02699775560350356
Trappc2l,-0.12458983390722156,0.027170896625442784
Il4,0.05366617798647133,0.027236726797113826
Sybu,-0.07898591457209511,0.027636199253250653
Axdnd1,-0.07819638049754707,0.027683661422279335
Hnrnpab,-0.08179585881516693,0.027805366400960325
Tra2a,-0.0563021807130451,0.028051818195703623
Fam184a,0.07641911385575642,0.028245497599119693
Bola3,0.08972068758783325,0.028320822324662674
Pfn2,0.14424637913991523,0.02838813482987967
Cspg5,-0.06344730042889268,0.028415903013666494
Nfe2l1,0.083583362364408,0.028545603962348905
Spon1,-0.05610715255769107,0.0285509056952815
Mpp6,0.050412629697120515,0.02865676451395206
Fam213b,-0.11712603853120296,0.028673973631477983
Trank1,-0.06007799197801786,0.0286792829143121
Ctsz,-0.04666512777351586,0.028785912215090484
Nptn,0.08817849436200209,0.028818745033424405
Cbx5,-0.06625647948783608,0.029120180597250207
Cops9,0.12966632381006193,0.029120180597250207
Rpl7a,-0.13866199331304663,0.029360993329918674
Dhrs1,0.07317393822563045,0.029387583950199886
Nop10,0.08770512591613067,0.029387583950199886
Elavl3,0.0828098490061791,0.029717639611090682
Rap1b,-0.07568368013063362,0.02974979566306421
Smdt1,0.128517280566242,0.029966498651541204
Eif3b,-0.05869744089368109,0.031886528544395686
Atp5d,0.11314022547988078,0.03199383113079651
Matk,-0.07912346702494988,0.03234357596408562
Purg,0.048473678744640175,0.032520661301791765
Inpp5a,0.05937156227099624,0.03265568338491534
Dscaml1,-0.054214383417879264,0.032781678492152085
Rplp0,-0.1417200989864419,0.032781678492152085
Usp29,-0.07609865543645145,0.032781678492152085
Tceal3,-0.0913904548407728,0.03284311004861026
Hspa5,-0.11291899737390354,0.03300051321008442
Rufy3,0.111488585919439,0.03300051321008442
Marcks,-0.08285949469100545,0.03308832235931552
Nkain2,-0.115791385541131,0.03314955578302042
Dlg1,-0.057646557607265,0.03361964472423585
Hnrnpl,-0.060631768686086746,0.03368414135603247
Laptm4b,0.05387519986221223,0.03372322301923163
Tceal1,-0.07015702843056851,0.03372322301923163
AC124490.1,0.07457643001673175,0.03374805837673034
Hspa4,0.08756930157908271,0.03378335588031451
Rnf44,0.05262686448862801,0.03456124467159507
Fut8,-0.053267499598429774,0.03464455528960185
Tmtc2,0.10555119442064242,0.03464455528960185
Ndufa13,0.13258129864657708,0.03507699008608338
Cdip1,0.07364759727528603,0.03568954494392756
Tmsb15l,0.051994883956994156,0.03622712187757817
Cnpy2,-0.08200779201740696,0.03667327736054253
Fam155a,0.15212142550373386,0.036934430090746845
Gm8579,0.04196172004049328,0.036934430090746845
Rab4a,-3.992645585911281e-4,0.03707335570033167
Tspan17,0.06002561153391957,0.037377464839423044
Mical2,-0.04670377081784807,0.0376834552468779
mt-Cytb,0.09660414754257607,0.038034732905078424
Cep85l,-0.05931983283109862,0.038435123162608914
Magi1,-0.10308611063822193,0.03881875136686944
Ptms,0.09647633026849534,0.03891802180108976
Ntan1,0.07487283979146123,0.03923579754554252
Grb10,0.08564993075092464,0.039682845051729115
Gm14597,-0.08681248987963425,0.03973883389962452
Pcp4l1,-0.07345392657997898,0.03973883389962452
Snf8,0.09059505618983665,0.03973883389962452
Sik3,-0.09335364774350657,0.04022744035513138
Zfp771,-0.006034747046151007,0.04022744035513138
Gdap1,0.07363949290015187,0.040528660188278214
Grcc10,-0.11316466245581802,0.04054359102264245
Clip3,0.1032234641071606,0.04085519857392786
Ctnnbip1,0.004710242791000435,0.0408645259801046
Tax1bp1,0.08827327328477458,0.04093659187157896
Ptpru,0.06436524863144108,0.04112787140355886
Bptf,-0.044661361976553876,0.0417738153924568
Prmt2,0.005108642218610071,0.0417738153924568
Smarca4,0.07316325563846957,0.0417738153924568
Trappc4,0.07801231133947684,0.042557513700288346
Tubb5,-0.12980725604381838,0.042557513700288346
4930402H24Rik,0.045064549891017824,0.04258952617574984
Fbxw7,-0.05822213857929154,0.04269784739188685
Ndrg1,-0.06729023119332853,0.043162954942104606
Srgap2,-0.055743726205098654,0.04328186049960031
Ndufa7,0.12894450047071415,0.04332278306427415
Acyp1,0.059614177135995594,0.043407325043604936
Pum2,-0.0017320433123141632,0.04410871902411591
Cops3,0.05979251500875604,0.0444268588213445
Helz,-0.05615704906911112,0.044637193994189535
Rpl34,-0.11531556247078223,0.0452800232774102
Auh,0.0796273200120595,0.04558554698389139
Slc24a3,0.09651496991787623,0.04576091429489999
Ppp3r1,-0.08259461465110662,0.04583341767062094
Alg2,0.0771174833134344,0.04650992761229167
Cntnap2,-0.11050474840616298,0.046532973450131736
Heph,-0.059237628582732904,0.04688192378562501
Adcyap1r1,-0.05348927788475405,0.04721041266224762
Agt,-0.05886482024970291,0.047370366619025016
Trappc1,0.035620330124406685,0.04745658793427577
Ndufs2,0.07384637690452911,0.04762190215993058
Kcnip4,-0.11108138149926139,0.04797401646150674
Nipsnap2,0.03533487139016028,0.04834693208539147
mt-Nd4,0.05472189155078766,0.04834693208539147
Rtf2,-0.030380088874068234,0.04837155197545882
Nono,-0.060282074184786205,0.049006148514299484
Slc39a7,-0.01172930620675025,0.049285715091089796
Hdhd2,0.06884663897871726,0.04979990389638109
Naip1,-0.0556132957034334,0.04979990389638109
Nudcd3,-0.11947190505419958,0.04979990389638109
Rnf24,-0.021513951007936155,0.04979990389638109
Scd2,-0.1260150183930263,0.04979990389638109
Uri1,-0.052500924473629695,0.051250854766615346
Rpl27-ps3,-0.08898289414544214,0.05172709429354613
Snapc5,0.043581906717549024,0.051983220747933184
Galnt16,-0.04894556885672342,0.05221484290606658
Rpl15,-0.10606729342553856,0.05233964822780197
Camk2a,-0.06692064836961983,0.05288913784323466
Fam166a,0.09325720196640741,0.05288913784323466
Nol3,0.04314000050737771,0.052909078602219266
Umad1,-0.06304053670693197,0.05308135702290756
Arih1,-0.04373779148383422,0.053134423131562955
Jund,-0.049466028349209226,0.05318122507396454
B3gat3,0.0436429721398747,0.053336377555165626
Lamp1,-0.1160049334910932,0.05380999107165599
Ap3s1,0.0010600411349679928,0.05382125170434346
Gmpr,0.05129666617628245,0.05393677865529856
Prpf39,0.11780499248764276,0.05393677865529856
Nbea,0.08241458049472683,0.05410836559555105
Grk3,0.059232114315317136,0.05441890274427908
Phactr1,-0.08011638872406185,0.054483287752173565
Wipf2,-0.046029052776157584,0.05453890319605824
Aars,0.07580869159106793,0.05472604597005111
Olfr620,0.05338631528579091,0.054925586134683735
Ndufa2,0.11496423895136298,0.05601477773134749
Pafah1b3,-0.06032814305270759,0.05602863180512436
Aco2,0.07795561461095402,0.056251663690714715
Olig1,-0.06317208219805553,0.056490397322067384
Agap1,-0.07251787887118072,0.056531084464328134
1500009L16Rik,-0.055705133713462945,0.05773571752586192
Ldlrad4,0.03368624816131237,0.05773571752586192
Ier3ip1,0.09286981332529198,0.05786722696984688
Ntrk3,-0.052059742778920226,0.05828324379382618
Dock3,0.0375770087044944,0.058585184246732015
Fam221b,0.09047186356103465,0.058585184246732015
Vps13b,-0.03495472895398331,0.058865013199702276
Snx14,-0.06169962643882984,0.06019636130889857
Fez1,-0.09197995575284329,0.06045672681128152
Ssbp2,0.07025275165055939,0.06045672681128152
Ubr4,0.07335159817621356,0.06045672681128152
Ccndbp1,0.062355339368268786,0.06046932287575146
Ifitm10,0.06296788215969118,0.06046932287575146
Myh10,0.06361237075424295,0.06046932287575146
Gm48283,-0.06070667874096761,0.06104107324991913
Grina,0.11386615322512406,0.062245743972602206
Scn2b,0.0807885826913714,0.06243657817466271
Atp5l,0.04328579104398969,0.06244673944525167
Arhgef9,0.06907234320190786,0.06249047823531978
Mt3,0.09959711290954121,0.06249047823531978
Bcat1,0.07574901492794314,0.06291926115746012
Msantd4,0.0715620821130214,0.06291926115746012
Itm2c,-0.12109665939068304,0.06320611673312128
Plxna4,-0.07058872605193331,0.06325748210391126
Dpm3,-0.08072753908243069,0.06339265855505309
Grip2,0.04495521023501517,0.06389354294114377
Cdk16,0.052081190044211106,0.06395961138629594
Rcan3,0.05852058792964146,0.0640335330625896
Sv2b,0.06141504840381479,0.06423787075741355
Cadm3,0.06673215754741155,0.06454208528485668
Sccpdh,-0.0767454268500509,0.06502062892208796
Clptm1l,0.08161709695943037,0.06574484701039954
Peak1,0.09124479066653046,0.0659071275274866
Pla2g7,-0.06936059930876579,0.0659071275274866
Cdk14,0.05993133121501082,0.06636785695805364
Rpl36,-0.09680384776790385,0.0667023228302773
Ttc9b,-0.08113603025877791,0.06676560253866164
Atp6v1d,0.09654760620350056,0.06691485424932636
Pdha1,0.07341727489641514,0.06724029633622351
Stk11,-0.07503563265803675,0.06724029633622351
Anapc2,-0.03830844444611203,0.06806016209210429
Cfap20,-0.0578853612224208,0.06851261997927054
Dlat,0.06101954198697068,0.06865813768150315
Ryr2,-0.051717450720935004,0.06865813768150315
D430041D05Rik,0.05014653881805585,0.06908208410694362
Fam102b,0.05532814349651999,0.06956140083712349
Doc2a,-0.046534024323676745,0.0698484877066665
Enox2,-0.043097239250233635,0.0701579588745925
C1qa,-0.06318328802288758,0.07033285674523841
Pbdc1,0.0862510070115644,0.07053282022530813
Tenm2,0.1033973510425843,0.07053282022530813
Rnf115,0.05968519343306339,0.07085311064940891
Sdhb,0.07459346203369588,0.07085311064940891
Wdr89,-0.1109646687542698,0.07085311064940891
Gsk3b,0.092317641874549,0.0708726707767482
Clu,-0.08030671540071821,0.07113281598545775
Anapc13,-0.08384671391300669,0.0715110502497413
Kcna6,0.05026328551825726,0.07153373116096666
Ggt7,0.04795356026738236,0.072098435429857
Atp2b2,0.08109079876797592,0.07225491292180741
Cntn5,0.05493208108175186,0.07225491292180741
Vat1l,-0.06807306093092963,0.07225491292180741
Rims3,-0.06206187590827958,0.07266540339584791
Pakap,0.04303278014096712,0.07281359164926873
Zmat3,0.03436057708771521,0.07435782965365696
Cnp,-0.08612869051326144,0.07435831577600133
Ppp1r1a,0.07806576528514103,0.07444574695993188
Tmem14c,0.0589386281311281,0.07444574695993188
Ndufc2,-0.12589707680306006,0.07446926851696443
Ocrl,-0.060918098461221204,0.07448765442678111
Caprin1,-0.007230466865883078,0.07451032564700259
Baiap2,-0.042023835591609215,0.07454532522108225
Ttc41,0.06442014541819652,0.07481538531446075
Anks1b,0.0664795406029226,0.07534403140022765
Trim33,-0.060536246536204735,0.07544829875901711
Mrpl17,0.07720166529445577,0.0757421664297183
Fads1,-0.019390224953937718,0.07586320989772953
Gnb5,0.05651255675546757,0.07586320989772953
Rgs10,-0.041724106585111595,0.07601106785858265
Slc22a17,-0.09569767673936391,0.07627849726171085
Imp3,-0.04695451430169874,0.07772146317738238
Tgoln1,0.08622665704978094,0.07772146317738238
Gad1,0.02491147822548581,0.07805404502629763
Hs6st3,0.050319307422523746,0.07805404502629763
Prune2,0.053133909885092256,0.07805404502629763
Psip1,-0.11101944136675124,0.07805404502629763
Syn1,0.05433858489797255,0.07814339568053418
Ank3,-0.08313111859957273,0.07820542691230577
Mrps9,0.014016267215594652,0.07820542691230577
Atraid,-0.059138551040672976,0.07842271236046382
Rundc3a,0.09508754882507842,0.07906699901708025
Strbp,0.08141573176735761,0.07906699901708025
Mmd2,-0.05372595505594713,0.07915194331278184
Ext1,-0.055213044153427066,0.07963597639734317
Eif4g3,0.0778205146101894,0.08046208481146018
Rtl8b,0.022326321199396648,0.08087686775585003
Sdha,0.10522656608056002,0.08107008189143744
Znrf1,0.006179111465022452,0.08107008189143744
Pygb,0.06448351770469829,0.08117950359478483
Camk2n2,-0.07081827302558469,0.08152527671225754
Sec11c,-0.0985078949428781,0.08188647302745496
Cdc42bpa,-0.06432901979579972,0.08248276336103741
H2afv,-0.0643533681757694,0.08261033461552135
Dbi,-0.07375246421886006,0.08267435417502178
Rps2,-0.10807423486506784,0.08267435417502178
Asna1,0.06152750377277294,0.082841783249387
Pbx1,0.13122035522577757,0.082841783249387
Rabgap1,-0.05783208101963547,0.082841783249387
Tceal9,-0.11763658302417024,0.082841783249387
Atrnl1,0.030338155024261237,0.08307025974423757
Ophn1,0.05330198124303004,0.08307025974423757
Eps15,0.0716067597039011,0.08342728520799579
Gm15601,-0.05596099029665391,0.08342728520799579
Kcnma1,0.0892264937273376,0.08342728520799579
Qk,0.08071114502298926,0.08342728520799579
Ppp2r1a,0.07465879139912301,0.08352802159433692
Thra,-0.103834223611592,0.08369594839638278
Gm28285,-0.0604616608314269,0.08405574590133538
Astn1,-0.06354134844706091,0.085055940285016493
Chd9,0.059777193413062674,0.08512259775811531
Tubb4a,0.09884793567532946,0.08570908610063548
Mapk8ip1,0.02181665383020598,0.08661536156791347
Evl,0.0734299243077205,0.0866643549964659
Med15,0.09793130287049978,0.08681677533330336
Tpgs2,0.0629423537484628,0.08681677533330336
Cgrrf1,-0.049314268991554194,0.08694734502914318
Cyld,-0.030237804485218872,0.08694734502914318
Nlk,0.053480548549250884,0.08694734502914318
Pi4ka,0.06541526897690103,0.08694734502914318
Plcl1,-0.061829994451808756,0.08694734502914318
Pnrc1,0.0986102503577182,0.08694734502914318
Spcs1,-0.0836707528610216,0.08699031930007153
Reps2,-0.09616898431039322,0.08699440465789982
Poldip2,0.0507186831797011,0.08707905990409465
Emc4,0.05320223686903422,0.0870997838733702
Rbm42,0.026196595542161055,0.0870997838733702
Ppib,0.07008375048458487,0.0873220162058245
Klhl13,0.04981774280362236,0.08769230662551529
Fkbp3,0.07688104681143815,0.08841053450185549
Mrpl32,0.044119527547650236,0.08860646738877882
Fam135b,0.047835865719539794,0.08910100165495799
Sdf4,-0.06742548491790767,0.08926799818834692
Cst3,-0.09623048595442985,0.08955902735962927
Cfap74,-0.0334655270417472,0.0896678233879878
Dnajc15,0.06940823554300019,0.0896678233879878
Eif4a2,-0.10379426250283452,0.0896678233879878
Selenom,0.1148675587469753,0.08990332501562544
Cacnb4,0.07773163160190927,0.09062829485800271
Gm20538,0.08796000851811847,0.09158036073987995
Negr1,-0.06568454661588957,0.09158036073987995
Rps19bp1,-0.050985645555140485,0.09158036073987995
Vamp1,0.03554758081077397,0.09165471584967733
Nrsn1,0.1013962120630294,0.09188738288473954
Cd9,-0.04777087397121828,0.09242233020608377
Hnrnph1,-0.0509623641817149,0.09325180827146871
Bap1,0.03203059772722108,0.09359995487005927
Smim27,0.1024138213985063,0.09359995487005927
Ndufa9,0.0767457980741425,0.09395620920363779
Cdk8,0.06381400223314504,0.09420579892429494
Cct7,-0.1099789732893931,0.09475219981232243
Rabggtb,0.04215643143706305,0.09475219981232243
Sez6l2,-0.05104582166004812,0.09498979542213154
Uqcc3,0.058084361180467864,0.09508698761887492
Ubxn1,-0.05897800818595522,0.09629364610650444
Eps15l1,0.025713163145334506,0.09707995673682726
Ppp1ca,0.08935512592026479,0.09721912789337321
Nrg1,0.10358671253289287,0.09750065493584953
Uba1,0.07215949160181284,0.09750065493584953
Pfkp,0.08088837474392824,0.098007143205938
2610001J05Rik,0.020948994511472446,0.09824046927190162
Pfn1,0.08965069743705506,0.09842680786134307
Kcnip3,0.04595611342840811,0.09994490483012289
Nrg3,-0.11009103422685818,0.10003576402131498
Ccnh,0.04113342997802841,0.10141818573017791
Stx4a,0.055717586378606965,0.10239295910875752
Prmt7,0.050811824791374915,0.10251942180029083
Prkag2,-0.05715227601717973,0.10392345157513978
Akap6,-0.007299243392305477,0.1041438469756457
Slc25a3,0.11934106601026828,0.10433098123225318
Mettl23,-0.059821762753671404,0.10468365108466489
Plcxd1,0.038945431938507635,0.10506950526926281
Mrfap1,-0.10644827919290778,0.10508786913109248
Osbpl9,0.05546032166273929,0.10521413375090106
Slc38a2,0.041108562515150035,0.10521413375090106
Arpc5,-0.05256922608360565,0.10565043245502177
Ssbp4,-0.03480695939840209,0.10567692076845736
Bzw1,0.0530571109307052,0.10606557666989164
Ehmt2,0.007792296339954152,0.10606557666989164
Kmt2c,-0.039820076276753824,0.10940831361039444
Ssr3,-0.013876610617946344,0.1102380705405985
Stk16,0.0870823818544118,0.1102380705405985
Ryr3,0.08768191711117013,0.11038858090790131
Spidr,-0.055049771225134575,0.1109203230053477
Rora,0.07746911289219693,0.11099015956847133
Ndrg2,-0.0968987028912216,0.11114113329883127
Snrpn,0.10697062762185272,0.11114113329883127
2900097C17Rik,0.09159843195950224,0.11126304916579523
Rrp7a,0.060958187046423196,0.11127188072987818
Laptm4a,-0.08824364698457288,0.11170981970488528
Gng4,-0.059370722526155245,0.11183263610533982
Rims2,-0.06074771772019341,0.11183263610533982
Aip,-0.04762042933453042,0.1125288987276725
Tprkb,-0.04036372939253868,0.1126447733540559
Mrpl52,-0.08412081154427681,0.113970499386073
Kcnab2,0.0695992461664397,0.11423550734725399
Mpc2,0.08430950745889265,0.11423550734725399
Arhgap12,0.04912188752965327,0.11503882751409202
Ndufaf2,-0.057982938792734945,0.11664112995675319
H2-D1,-0.03244353052118319,0.11667754553343712
Pink1,-0.032125700277728375,0.11667754553343712
Hsdl1,-0.03136937205955666,0.11742252802855335
Bnip3,0.07254083245323611,0.11758824641819732
Klhl7,-0.006861404325040343,0.11894787163214629
Jmjd1c,-0.028236307401978494,0.11911758945518694
Pde4d,-0.031173211513069288,0.11911758945518694
Dst,0.09566356226919248,0.11966199997650159
Nrxn1,-0.1052119718367629,0.11966199997650159
Dip2b,0.049558479921942095,0.1207231834008192
Spire1,0.044615181308061136,0.12106971642827208
Kras,0.05393720643787514,0.12150244212042932
Kcnb1,0.033085070804986016,0.12153496990484591
Naa60,0.0440521096583206,0.1227155927162465
Palm,-0.046827659002158614,0.1227155927162465
Map2k2,0.06729690112214509,0.12274922796421307
Chchd6,-0.07814307519229946,0.12277527390329297
4921516A02Rik,-0.0554864423779296,0.12310111140783318
Tomm40,0.03434501161962078,0.12327910549070045
Mdh2,0.10907209147064945,0.12356997034360544
Aes,0.10379844093445456,0.1238883185785723
Farsb,-0.053671870830662494,0.12410145757021392
Phax,-0.0462659280748525,0.1243427524845272
Hsbp1,0.0710356738483906,0.12474159879456853
Sec23a,0.03891982649792439,0.12474159879456853
Fabp7,-0.04239722430922982,0.12717623430298688
Atp5a1,0.09133619817729466,0.1272687144225762
Agtpbp1,0.0595011451569451,0.12792678048736683
Fundc1,0.04323040737742034,0.12792678048736683
H2afz,-0.05420415132806411,0.1285063785314086
Ahcyl2,-0.053971862755450156,0.12859902199327874
Snx3,-0.076402615227941,0.12887147187057157
Tmed10,-0.05380354713279903,0.12893666687218422
Atf6,0.04336968826199705,0.1289738513842346
Mirg,0.044276838672003965,0.12906165230805242
Afm,0.07073614819284424,0.12960017307797167
Hypk,-0.06372968942189294,0.13013358178348805
Ppm1l,0.028760591271958902,0.13013358178348805
Ywhah,0.10663605171122925,0.1309482766487027
Pja1,-0.07077866825823315,0.131208828841278
Usp34,-0.06449965253392798,0.131208828841278
Fopnl,0.057892819693145886,0.1319516233031474
Atp6v0a1,0.07747299540275276,0.1321377128245292
Khdrbs3,-0.03891713196830658,0.1321377128245292
Arhgef12,0.05361843265633787,0.13444599744435975
Ak1,0.04782648094583919,0.13448851677576798
Gm11361,-0.04324956491129672,0.13559629790700883
Gm34084,-0.041934983522446456,0.13559629790700883
Rad9a,0.05793407365339889,0.13559629790700883
Slc1a2,-0.10112256006864151,0.13559629790700883
Trp53bp1,-0.0463241682519506,0.13559629790700883
Arl6ip5,0.024980965867486216,0.13633916843100533
Paip1,-0.024771619047538607,0.1366255232208437
Fxyd7,-0.05931638063706718,0.1371174722206565
Trim2,-0.062499361446670065,0.1371174722206565
Macrod2,0.06709051771287083,0.13731463983793868
Ndufb3,0.06643959609652983,0.13731463983793868
Sap18,-0.0446381204840042,0.13817533788667613
Zfp706,0.06604994879020121,0.13828198936819777
Grpel1,-0.02522030955846888,0.1387092132123875
Npm1,-0.09262658657161282,0.13916257580377084
Rit2,0.11090559293756874,0.13916257580377084
Nedd4,-0.06593738875002753,0.13961262584088374
Zfhx3,-0.07890827211409235,0.13961262584088374
Slc6a1,0.07576697413197214,0.1400836333484327
Fam120b,-0.04374327803628614,0.14040446407628718
Pet100,0.03671057035824804,0.14040446407628718
Fgf13,0.10636341788190429,0.14042700560606167
Vps26a,0.0029183890517567312,0.14071108213517422
Pebp1,0.09668110222756443,0.1411711866844319
Actb,-0.09843388558207522,0.14154098926360725
Arxes2,-0.05830568946741388,0.14154098926360725
Ctnnd2,0.10359749269479979,0.14154098926360725
Fndc3a,-0.04315719847680613,0.14154098926360725
Sptbn2,0.05086691039903185,0.14154098926360725
Iscu,0.10102289516150509,0.14217101387865888
Sptan1,0.07805349695090447,0.14382066684321915
Tango2,0.06842508368010763,0.14382066684321915
Slc35c2,0.03112887306878756,0.14442392226667702
Rusc1,0.04778195607003524,0.14472633785173225
Cep19,0.049641468311184794,0.1448171027356339
Eif2ak1,0.04952512789235586,0.1448171027356339
Fbxo28,0.04301985097301568,0.1448171027356339
Pdpk1,0.039490049571470204,0.1461197604439126
Cbr1,-0.05457947549235753,0.14632863800841459
Cadps2,0.10785534261196605,0.14665442351575592
Acox1,0.05772781429126336,0.14724286773233022
Map7d2,0.07500047016088751,0.14753010385018703
Ociad2,0.048667533293893894,0.1476923369755278
Srp9,0.073052006611669,0.1482187113358093
Acot13,0.08334397480892303,0.14837441404206583
Il33,-0.03200168760439755,0.14837441404206583
Ube2j1,0.05481932044277932,0.14837441404206583
Vamp7,0.040551741741113825,0.14837441404206583
Ica1,0.05579566924013188,0.1484063696398833
Nfib,-0.035479052892512464,0.1484063696398833
Pam,0.05155499653607998,0.1484063696398833
Snx2,0.05738729125811173,0.1484063696398833
Copz1,0.027133321160717844,0.14943476975805897
Cs,0.06351164767028916,0.14943476975805897
Itsn1,0.06118006666579914,0.14943476975805897
Ccser2,-0.003918510183828161,0.14957376088894545
Fzr1,-0.04240182501103726,0.14957376088894545
St8sia3,-0.041431750404889445,0.14977506927196385
Bex3,0.1058825781984809,0.15081583435057738
Ogdh,0.06022292663361678,0.15082055863171365
Cntnap5b,0.041644214975688154,0.15121622243127075
Olfm1,-0.0933351462698051,0.15126126615915916
Epb41l1,0.06866929808436062,0.151591503603251
Mfap1b,-0.030729363832130915,0.15288698153653388
Ppp1r9b,0.01779048758051377,0.15288698153653388
Sept8,-0.06548222712105689,0.15288698153653388
Park2,0.07455700973599821,0.1531262251674366
Fam162a,0.07409083588357479,0.15360472029989722
Clpp,0.0230326739902329,0.15405211163564103
B2m,-0.06480585071582323,0.15458819762956424
Pde6a,-0.06409476621205812,0.15458819762956424
Rpl27,-0.09321601496854215,0.1547502625484417
Ube2d1,-0.037985066954953836,0.15487947848743847
Atxn10,0.08875767488097064,0.15489974945501211
Mrpl36,0.05131421102085318,0.15559366485705015
Pdcd4,-0.03782845083151637,0.15559366485705015
Cbx6,0.0106871470375971,0.15581431047058583
Arpp19,-0.055966500172113465,0.1561560052601184
Dlgap3,0.044303426708029905,0.15639712321623284
Pak1,-0.07216057175689017,0.15645989131425994
Atp5e,0.0900118213554173,0.15648580281424612
Spop,0.008497243090631212,0.15648580281424612
Cxcl14,-0.04381586381038452,0.15750740417999665
Hmgcr,0.04317465342637457,0.15750740417999665
Vapa,0.04587454835804394,0.15750740417999665
Gnaz,0.013172587851458029,0.15754501275941582
Etnk1,0.08241153957064978,0.1579911473053538
Lars2,0.07293555076829827,0.15805258251479673
Ptp4a3,0.03137854104917849,0.15805258251479673
Rab7,0.04592151727357108,0.15805258251479673
1700020I14Rik,0.03357140472100559,0.15896689597679453
Sipa1l1,0.039531002246900176,0.1590897242124497
Uqcrc1,0.06371062489484414,0.1590897242124497
Sugt1,0.053556426912180044,0.1597529768947979
Dnm3,0.04790886464447891,0.16007346441348239
Arhgap44,0.06688883202572704,0.1602104959057407
Cacybp,0.09344014947471191,0.1602104959057407
Cd2bp2,0.0334821752039722,0.1602104959057407
Nap1l2,-0.06271776611802862,0.1602104959057407
Reep5,0.09040645038610529,0.1602104959057407
Tnr,-0.044257811841342004,0.1602104959057407
Atf2,0.09433611236501371,0.16094527431185587
Pdzd11,0.03167607457840735,0.16151046533908167
Gnl3l,0.07998433931846016,0.16151653308023411
Rpl36al,-0.050797836763505244,0.16154294670400068
Mgat5,-0.07187517023173384,0.16208210128950298
Nlgn3,0.006060788418290636,0.16228835826724708
Chga,-0.03489365717821041,0.162319588980902
Eif1a,-0.045010847155171924,0.16257139598434805
Snap47,0.0589497303125186,0.16283344816938644
Tnik,-0.04653357886585899,0.16283344816938644
Hdac11,0.08533698174958992,0.16366282355221268
Gnaq,0.0631792751351199,0.16373152537607658
Mtfp1,0.03914790174140556,0.16373152537607658
Ap4s1,-0.004810356700803181,0.16399540034001397
Cdh2,-0.03277631340309048,0.16437304841536446
Pid1,0.04292148970624329,0.16469534199300273
Fchsd2,-0.00817501010343255,0.16497936842643895
Hp1bp3,-0.07004387126769895,0.16497936842643895
Syne1,-0.06421767039501244,0.16509803501224748
Plekhb1,-0.07284821554626031,0.16516822339429618
Park7,-0.08812287140129038,0.1670938381293343
Scai,0.02894674590065066,0.1670938381293343
Ran,-0.0963740750635037,0.16720917568531435
Hspa9,0.07901801348889514,0.16741685435889941
Ddt,0.050693601263304744,0.1677535250758276
Slc25a12,0.07088091649575651,0.1680469729657038
Gnas,-0.1003317319346344,0.16819134108092576
Chrna6,0.08364401187568954,0.16897918419194252
Paf1,-0.040778136452672906,0.16907946097446314
Frmpd4,0.02315578788550815,0.16948699556762198
Kcnc2,-0.046165188639398336,0.16964965006080643
Psma1,-0.014317100039397623,0.1702332485375524
Uqcrh,0.0918378636751851,0.17056934316934275
Med19,-0.044749910573548754,0.1711286091344322
Rsrc1,0.04739530632969094,0.17166731028729826
Fam104a,-0.05062683925282832,0.1748273559409133
Kif5a,-0.05610515190963494,0.17513851598232494
Acaa1a,-0.03974073247596205,0.17521284072740043
Dctn3,0.08301969525026709,0.17616097426731986
Psmc1,0.027586242061996225,0.17617962706778445
Pura,0.06538437333661334,0.17617962706778445
Mob4,0.062115681703570846,0.17792949217574736
Polr2k,0.002162638282913909,0.17792949217574736
Pop5,0.08177707622931635,0.17803139703178078
Ubald1,-0.04674508962605603,0.17803139703178078
Pigyl,-0.026341310910665994,0.17808051164156274
Sept3,0.052268551406835784,0.17856415095798234
Bcar1,0.04217600550510174,0.17860605041504918
Dstn,-0.05624210926186435,0.17882009393048248
Mrpl42,0.07443420240061482,0.17882009393048248
Parm1,-0.033525677856421826,0.17882009393048248
Trio,-0.05599226262877058,0.17882009393048248
Atp6v0b,0.10463624670367622,0.17918481712228704
Cep170b,0.05498525606554683,0.17986571775485957
Cops5,0.06897054015145648,0.17986571775485957
Edil3,-0.03578250722221554,0.18021650253004634
Chmp2a,-0.0316558992137021,0.1805072622824734
Dnlz,0.06428562476869587,0.1805072622824734
Pds5b,-0.03712006579382096,0.1805072622824734
S100a10,0.030913273345843928,0.1805072622824734
Snap91,0.05649876583324431,0.1805072622824734
Ly6e,-0.055010130255783274,0.18073630528136075
Katnal1,-0.02254070573835454,0.18132151050928128
Ube2e2,-0.05328468260221714,0.1815369543333611
Grn,0.015515361069529499,0.1818943421705726
Serinc3,0.0569442278523814,0.1821887933495005
Oxct1,0.04865798505800434,0.1823136784528091
Dnm1,0.07082181038421453,0.1823348126712821
Dld,-0.05307754171606907,0.1826881662535298
Eif3m,-0.015819152803932646,0.18332674038470254
Cit,-0.019287612839022084,0.18363746593991584
Kirrel3,-0.06295101807899983,0.18363746593991584
Slc6a15,0.04467216055881701,0.18376790935857842
Pias2,0.010794694449779374,0.18409709787456607
Marf1,0.04605186775649886,0.18411974036808246
Psmd8,0.06211450714693806,0.18429326124131268
Zyg11b,0.049343145056684995,0.18429326124131268
2610301B20Rik,-0.029600247364501314,0.18470088360125664
Ccser1,-0.0462898270621577,0.18499370123111505
Gm26745,0.03506173738376572,0.18499370123111505
Mkks,0.054624127342655066,0.18499370123111505
Sec13,-0.04884471821093206,0.18499370123111505
Rab3gap2,0.035474531480955473,0.18512207167607814
Kctd17,0.04330448028685707,0.18520630233579402
Yeats4,0.0493448318861906,0.18548166774897273
Emd,-0.04292659015725912,0.18589489666628742
Cyc1,0.07059774665465268,0.18791143841607402
Ctif,-0.0526524327271837,0.18814962069954916
Hnrnpd,-0.047182890000688094,0.18825887211193665
Cfap46,0.0341442077947951,0.18877606058468357
Polb,0.04735671330950128,0.18877606058468357
Tln1,0.025180246412286056,0.18898644673331433
Mrpl34,0.02096062771530255,0.18931509172239577
Galntl6,0.09547843831518649,0.189709985480752
Cyb5b,-0.029831680741924188,0.1897914700598512
Stox2,-0.016015055796195693,0.18991394562311628
Fryl,0.013440212916442179,0.19083271782848965
Slc6a17,-0.039862550622233525,0.19164874822364375
Elp5,0.0355280943210666,0.19227230916905313
Immp2l,0.04593140312930785,0.19227230916905313
Ubxn2a,0.046196027426032654,0.19246657641792866
Gon4l,0.03503902459074837,0.19261025097498788
Sri,0.04168663864891678,0.1926496405226214
Prkch,-0.09001175919701743,0.1927903639305467
Celf2,-0.01736489481208925,0.193320510826087
AK157302,-0.004934876396159055,0.1941791032987005
Acly,0.055831066738398244,0.19433227778942058
Adap1,-0.050338358117421655,0.19482438443072164
Bex2,-0.08617807909236452,0.19482438443072164
Efr3a,0.05331391794781981,0.19482438443072164
Ogfod1,-0.051589788676595943,0.19482438443072164
Gtf2i,0.049089981893471635,0.19499990212487153
Dgkz,0.03463400310103863,0.1957358360160712
Rgs4,0.023784263751605278,0.1958469311880649
Smyd3,-0.0391629996843505,0.19584810500851255
Ngrn,0.036956718700025454,0.19787061814073603
Hnrnpa2b1,-0.08835039289113134,0.1979559278891813
Mrpl49,-0.004300274032825652,0.1979559278891813
Pcdhga1,-0.051706893019405925,0.1979559278891813
Cyth1,0.032325761747036774,0.19868724243647218
Lyrm9,0.029965404979663518,0.19876780170602426
Abat,0.04764600739153946,0.19945645508917362
Arf5,0.03895821783214298,0.19999888450496595
Gpm6a,-0.0760635183631263,0.19999888450496595
Pfkl,0.0165493157563166,0.20055052064820553
Ppig,2.7828408397045923e-5,0.20055052064820553
Rheb,0.05492506089196936,0.20055052064820553
Ndufs6,0.09750071907949831,0.20098540541650586
Tmem132b,0.04499927293707054,0.20098540541650586
Endod1,-0.047387732299830704,0.2010190633201821
Plce1,0.03684170699628428,0.20185549189928614
Enpp2,-0.06480872519926723,0.20246117107798303
Anp32e,-0.043143912436098775,0.20273354237506314
Urgcp,-0.01657867844635011,0.20273354237506314
Etl4,-0.02453698724376613,0.20313975188553882
Klhl22,-6.40311124740417e-4,0.20313975188553882
Psmd6,0.026075097560637694,0.20340252550848625
Gm37422,0.03269970041411552,0.20387155337584986
March1,0.009945423389774749,0.20387155337584986
Xpo1,-0.019415880771555455,0.20387155337584986
Gdi2,0.07819857037891226,0.2038946916659331
Golga4,-0.037971674809663375,0.2038946916659331
Map1lc3b,0.0828942672962884,0.2038946916659331
A230006K03Rik,-0.043708394831528996,0.20391243400755119
Ppp1r11,-0.072761727745622,0.2049667586682043
Psmb10,-0.020357232721801177,0.2049667586682043
Nrgn,0.07972844480894059,0.20509074202444086
Camk2d,0.0769328535392878,0.20604890923815647
Sqstm1,-0.09945599147220685,0.20636128650237764
Nat8l,0.04569417081200869,0.20713810684170164
Tuba1b,-0.08721533814750693,0.20713810684170164
Reep2,0.041745941618679755,0.20774997300882767
Tmem60,-0.040504564222172135,0.20774997300882767
Sptssa,-0.04619226870958271,0.20796582311544254
Cacnb3,-0.0395809378790159,0.2080390771838241
Prkcb,0.05033413418394772,0.20827308345621373
Abcd3,-0.0396602908745777,0.20913705500243207
Zranb3,-0.0448637254083985,0.20913705500243207
Btbd9,-0.061171996312095134,0.20913991179258032
Cgref1,0.036290300003620116,0.20913991179258032
Psmc2,-0.045384229467808346,0.20913991179258032
Tsc22d3,0.0546219483474302,0.20913991179258032
Oat,-0.027903180050159182,0.2113359501018527
Tmx2,0.07629273049346247,0.21163094111847178
Srgap3,0.04265112439091229,0.2116736590313117
Miga1,0.031824659790309656,0.21190904982157738
Pfdn2,0.0316633626660936,0.21190904982157738
Yipf4,0.037065712252688426,0.21190904982157738
Kcnj10,0.018534128782852655,0.21208475776431598
Tmem30a,0.06429956749017995,0.21314884500808043
Id2,-0.03713214292170147,0.2138051693858363
Pak3,-0.0774242568720439,0.21417287347541722
Map2k1,-0.07182254547581851,0.21493803979869433
4933434E20Rik,0.024193066192568086,0.21532558430784848
Nav1,0.05825558181883425,0.21532558430784848
Tmem179,-0.05440362317833014,0.21532558430784848
Ube2ql1,0.039012763496432123,0.21550866035179242
Lsm6,0.05315346271352095,0.21755907571252947
Bola1,0.03835147122848366,0.21902183818837073
Specc1,-0.03397416612166221,0.2191713898725419
Avpi1,0.03240499496083915,0.2192449302103136
Rgs2,-0.051278111421134365,0.22002592988111175
Eml2,0.05619727862043905,0.22039038445815834
Wars,0.045861767579590484,0.22167672921980194
Magee1,0.07147824355937049,0.22305203307735677
Pdrg1,-0.040933565371868555,0.2232696465324233
Slco3a1,0.04001696364554286,0.2232696465324233
Praf2,0.04995115760446103,0.22332713615014635
Sssca1,-0.053442374700366835,0.22332713615014635
Cttn,0.04145048358115558,0.2245245601214912
Hnrnpc,-0.058894620206520865,0.2245245601214912
Smchd1,0.05673637259634262,0.2250353567014755
Chd5,0.05282018422445839,0.2250634950036154
Mrpl48,0.05022689410715703,0.22550922122786862
Aamp,-0.04785942996516962,0.22579062593001417
Pcbp1,-0.025503957572938163,0.22579062593001417
Pnisr,0.007063332601483119,0.22579062593001417
Mark3,0.03569678114852308,0.22622679305152527
Sec23b,0.026706256882650187,0.22622679305152527
C4b,-0.034659512194554765,0.22647644681051093
Ipo9,-0.0071153060680938796,0.22647644681051093
Gm16062,0.04403673886809206,0.2266535439447737
Tmem50a,-0.06995069846359536,0.22866359774504155
Taldo1,-0.042427051339651134,0.2299232568725156
A230057D06Rik,0.02472291661945411,0.23013974855319988
Cdc42,0.05381375691672907,0.2319527105613094
Prrc2c,0.01912975723004015,0.23213451303577806
Slc17a7,0.030660389722259374,0.23213451303577806
Wdr12,0.04277203911626759,0.23285677771316976
Rp9,-0.04375755329967804,0.23286638683175753
Brd4,-0.006537707475485349,0.23287826019690214
Clstn1,0.06077780032136604,0.23287826019690214
Gm26904,-0.0022419686023112118,0.23287826019690214
Ptpn4,0.04408410903277604,0.23287826019690214
Akap7,0.014161988394195607,0.23360381764248206
Cript,-0.004956065639026397,0.23360381764248206
Tpm1,-0.056976615255924845,0.23438502488795745
Camsap2,-0.040266568023175714,0.23445182926162353
Hdac5,0.033152844796565245,0.23445182926162353
Mapk8ip3,-0.08351333026309093,0.23445182926162353
Foxp1,-0.04008586197833189,0.23514870049806388
Pgam1,0.040660292846161655,0.23559788854651087
Tspan7,-0.08047163949944924,0.23559788854651087
Ccl27a,-0.05964899935447471,0.2359201866331141
Gm42420,0.07488560367489927,0.23849501781972837
Psmc6,0.0680441885436483,0.23849501781972837
Rtl8c,-0.02708406436955474,0.23849501781972837
Eif3e,-0.03853527417371583,0.2402501949972471
Arnt2,-0.03348190497306483,0.24042257650805318
Cstb,0.003983344324315408,0.24042257650805318
Dync1li2,0.05354333006269629,0.24042257650805318
Ebpl,-0.03972908063503408,0.24042257650805318
Mmd,-0.036858322125411624,0.24042257650805318
Rbm8a,-0.058408254153562156,0.24042257650805318
Rtraf,-0.06486319884281272,0.24042257650805318
Slc4a10,0.0542176879280738,0.24042257650805318
Tmtc1,-0.0502499769138344,0.24042257650805318
Tpd52l1,-0.05360428631611103,0.24042257650805318
Wdr26,0.01243539287454229,0.24042257650805318
Zfp462,0.04951120292425215,0.24042257650805318
Zmat5,-0.03984139090099001,0.24042257650805318
Ddx5,-0.08652889475154624,0.2427374066295993
Marc2,-0.04470607618060338,0.2427374066295993
Sys1,-0.034065450348660486,0.2427374066295993
Slc28a1,0.062161038188146556,0.24403457552653937
Atp6v1b2,0.07002496723574336,0.24435468544078198
Me3,0.022110758149079285,0.24460399488363266
Adarb2,0.07642709659189867,0.24589319718236852
Med28,-0.028640157700837165,0.24589319718236852
Ogfrl1,-0.03629308193123926,0.24595430290247597
Trnt1,0.0382496830605233,0.24595430290247597
Pls3,0.02525011455953044,0.24642861372099595
Srp72,0.050711884109525374,0.2468659387962642
Cnn3,-0.02123777254320422,0.24814221174572193
Elof1,-0.049653502378469716,0.24814221174572193
Ift27,-0.03512822332532792,0.24879198872548333
Stk19,-0.039568222285203125,0.2495793546744576
Stmn2,0.09260157005820013,0.2495793546744576
Atp6v1f,0.08700872456231079,0.24975807736408467
Osbpl8,0.022562130446831835,0.24975807736408467
Snx10,0.0698090390328448,0.24975807736408467
Mrps14,0.07261742130373955,0.2501194285104926
Uba52,-0.0709064194679001,0.2501194285104926
Hsp90ab1,0.07387311792361384,0.2501939966246967
Ncaph2,0.053930229591031054,0.2501939966246967
Ndufv1,0.057420268618190495,0.250303547381096
Pllp,-0.03554306285899944,0.250303547381096
Syt13,0.03567020949535582,0.250303547381096
Ubash3b,0.039506961870692414,0.250422385367178
Plekhb2,-0.045965873246347766,0.25129445234896447
Osbpl1a,0.06010871725244904,0.25184129070664335
Nsmf,0.04592287315477728,0.2520003380470515
Sms,0.053371558694402105,0.2520003380470515
Gabrg2,-0.042013331613730776,0.2521191630335937
Zcchc17,-0.04080058800599218,0.2526345678898743
Glud1,0.03543764771107938,0.2528006702455479
Arl8b,0.04702391779325871,0.2533313141952737
Eif4g1,-0.045552878336905245,0.2533313141952737
Wwox,-0.039456047662961014,0.2533313141952737
Atxn2,0.042646534543622744,0.2552217878412948
Acaca,-0.010615292011306926,0.2555139156586226
Ago2,0.0049424865986269495,0.2555139156586226
Cntnap5a,-0.024910840019943647,0.2555139156586226
D5Ertd579e,0.03235078757261267,0.2555139156586226
Dgke,0.03147757824146756,0.2555139156586226
Ptprn,0.07263257184755534,0.2555139156586226
Scg5,-0.07975706410960814,0.2555139156586226
Igip,0.04546019645688115,0.25742893350869495
Rps13,-0.041247249448538525,0.2576351491515036
Camk2n1,-0.08396965182493132,0.25837701992051876
Hras,0.02338811081397485,0.25837701992051876
Ly6c1,-0.03098454372068271,0.2585462924251772
Uqcrb,0.060817427860143436,0.2585462924251772
Adarb1,0.0408606342736374,0.2589097134639598
Ankrd17,-0.03732139122711395,0.2589097134639598
Arpc2,0.07055328098446911,0.2589097134639598
Frmd5,-0.038935837339530266,0.2589097134639598
Nol7,-0.060215918294817816,0.2589097134639598
Nudt19,5.442520803291828e-4,0.2589097134639598
Rac1,-0.03577288116468466,0.2589097134639598
Kmt2a,-0.04626959335047409,0.2590432486772697
Snrk,0.05449022829918482,0.2590432486772697
Sod1,-0.04970623274129249,0.25929592824126435
Ahcyl1,0.049257170906054915,0.2603699834724837
Sema6d,0.07215401162445151,0.2603699834724837
Abcb7,0.036052206045571175,0.2605525439957468
Gpbp1,-0.02372949872966776,0.2613833589607203
Lrrc14,0.04592204617548326,0.26227333636274874
Cnbp,-0.06003236297026826,0.26300090047658203
Pitpnc1,-0.03436551290267925,0.263277306934251
Slc1a3,-0.04050507220118915,0.263277306934251
Ppp2r5c,0.04882466475364697,0.2635835369218594
Timm17a,0.05863611728778062,0.2635835369218594
Psme1,-0.05611444938132387,0.26371051760894454
Tmem55b,0.045113641869818366,0.26371051760894454
Eno1,0.015661651019669875,0.2638945792752733
Ndufs1,-0.022937022144717767,0.2638945792752733
Wdr47,0.035340879524319774,0.26459837547783716
Pcbp2,0.07800338478413249,0.26540243141408865
Bag1,0.0638357259974553,0.265704403025534
Btf3,-0.06817950686462432,0.265704403025534
Creb3,0.02417049038947125,0.2664315823350015
Vamp4,-0.052051313841589064,0.2666231619637855
Miat,0.037175584168137044,0.26820974086932997
1500009C09Rik,-0.03778540763303856,0.26881419378392934
Med9,0.04091905849226085,0.2690990774689249
Smim7,0.045886942868900715,0.2690990774689249
Mrps17,-0.05483951053713504,0.27011725686705645
Slc25a33,0.04507853180147911,0.27011725686705645
Dlgap1,0.027149793199275907,0.2709644074336707
Dgcr2,0.027376911928733164,0.2710538205042166
Ncor1,0.01918382078742159,0.2710538205042166
Pam16,-0.07160432626744134,0.2710538205042166
Psmd3,-0.013081001256324054,0.27164416292039467
Pdxp,-0.04036980969261367,0.2721890011152254
Sart3,-0.06491988052541214,0.2721890011152254
Wdr7,0.052281474069002104,0.2721890011152254
Magi3,0.027014333930934706,0.27225841436365933
Uba3,-0.0015272717990159057,0.27225841436365933
Daglb,-0.06692549971990425,0.27232547800391516
H2afj,0.062031377485606276,0.27247500493972104
Fndc5,0.03939391920249882,0.27274176918973186
Ndufab1,0.048648978219709926,0.27308788371072373
Rtl8a,-0.04645707453624928,0.27314413908198393
Tmem128,0.033866050766687486,0.27314413908198393
Rab11a,0.07204706274060063,0.27338775469528337
Sirpa,-0.047369651581493755,0.2741970132469477
Atp6v1c1,0.06860461942513951,0.2742038568631463
Fam49a,0.036593795031579515,0.2742038568631463
Nfu1,0.04836580642024291,0.2742038568631463
Stx3,-4.5975135766401776e-4,0.2752209170426096
Adam22,0.044966335699578586,0.2752627246046404
Arpc3,-0.041230035219085304,0.2756963836491313
BC005537,0.03132790628511034,0.2756963836491313
E430024I08Rik,0.0455726597012068,0.27577915267604
Emc8,-0.02723604957948675,0.2758442677831959
Capzb,-0.005834842917096461,0.27729340077589726
Nmt2,0.04411542222930895,0.277891932281478
Manbal,-0.03949275541990066,0.2783143037334536
Mat2b,0.035634474902207336,0.27838076500587866
Sort1,0.005909626358595432,0.2786565360750916
Ftl1-ps1,0.009888008900557466,0.2790393172183687
Mettl9,-0.032067238045264346,0.2790393172183687
Pop7,-0.03416053121333365,0.27944647667109407
Dnajb2,-0.030142717645491313,0.27951909658684904
Psmb5,0.062071168261193244,0.2797654161623473
Rhbdd2,-0.024332145172006076,0.2803771912699868
Cpeb4,-0.015099021161011542,0.2806048730765413
Anp32a,-0.0509854582894923,0.2813571179314114
Ddx17,-0.06257913287107814,0.2813571179314114
Kif3a,0.05198651458841835,0.28185741377772666
Lrrc4c,-0.05445238888713183,0.2824247502253508
Snrnp25,0.04163108926266493,0.2827427020857506
Fmn2,0.041037176344792425,0.28342697212804474
2010111I01Rik,-0.03390803693095909,0.28361342591013594
Ubl5,0.058637701495292904,0.2838265016383713
Pitpnb,0.04039597944100207,0.2846225612375253
Lypd1,0.02834009990897135,0.284902894004086
Mrps21,0.05177518029863187,0.284902894004086
C1d,-0.05039966954874725,0.28649907669129
Gap43,-0.08059489184703184,0.2868692452040086
Fkbp2,0.05357811928686429,0.2881812193566542
Asphd2,0.03527243087373401,0.2889152755763965
Fam117b,-0.027907784125178192,0.2891163376671812
Mrpl15,0.03906621447251943,0.2891163376671812
Atp1a2,0.03729041971716185,0.2897002533998214
Hsd17b4,-0.036005598068021005,0.2906551945652527
Zc3h14,-0.03962259419216935,0.2910941214248537
Spcs2,-0.06255633317788051,0.2918514008428017
Enoph1,-0.040892637794263026,0.292150860364142
Ctnnb1,-0.03806351373776651,0.29228719043654133
Pacsin1,0.06449709639876028,0.29228719043654133
Vapb,0.06196212974735715,0.29228719043654133
Dhx36,-0.01818362911714766,0.2924592323031334
Copg1,0.056538517386325204,0.2926717596157796
Gars,0.04705211780171545,0.2926717596157796
Oscp1,-0.05411999530774314,0.2926717596157796
Rap1a,-0.03638758488221813,0.2929265691293041
Supt4a,0.025905917272497664,0.29320219273926695
Suclg1,-0.039924568846814557,0.2938061487810081
Hdac2,-0.037672802738468486,0.2938932020223951
Supt5,0.023118488279059934,0.2938932020223951
Sra1,0.05197331694028215,0.29389437204642327
Crebbp,-0.02622404384518287,0.29644653289302125
Cyb5a,-0.03443267725805721,0.2967564182670379
Guk1,0.08633882389858649,0.2967564182670379
Hba-a2,-0.044462447780132835,0.2967564182670379
Timm9,-0.040782468452313314,0.2967564182670379
Klhdc8a,0.030091213258609043,0.2968289799860154
Erg28,-0.035902530396772436,0.2972230685508502
Snapc1,-0.03733516684946525,0.2972230685508502
R3hdm2,-0.004021044678480384,0.2976581963896285
Ptpn11,-0.032033539343592515,0.2976681751698363
Zfp622,-0.03011272644900706,0.2977097963971955
Crip2,-0.04996410102088522,0.2981922088333738
Lipc,0.03298030108309789,0.2981922088333738
Ranbp6,0.011501011833458946,0.2982475063786955
Sgcd,-0.0036730825618475627,0.29825804153873714
Cdc73,-0.04120652523592838,0.29830009247094685
Mbd5,0.037138228336133366,0.29847775202013266
Rpl29,0.006414471902987273,0.29906709251819097
Comtd1,0.02030002556497615,0.2993601948202466
Inafm1,0.032740672101275625,0.2993601948202466
Ppa2,0.042857321460940706,0.2997897206422476
Rasgef1a,-0.03401251274334166,0.2997897206422476
Uqcc1,0.043489349860486665,0.2997897206422476
Mcfd2,-0.030460072777188235,0.2999906613589961
Eif3h,-0.07281996827370585,0.301664079157577
Impad1,0.03458260223840223,0.30184463756552055
Atp6v0d1,0.051648697125927234,0.3018865607863522
Sar1b,0.04245275073283075,0.3018865607863522
Nptxr,-0.03211134182914083,0.30328014645001744
Mtx2,0.049150616809903985,0.303338267015336
Susd4,0.01604369283320714,0.303338267015336
Abr,-0.082507272367355,0.3053730073269144
Papola,0.040064537727798666,0.3053730073269144
1700016D06Rik,-0.015849392493324316,0.3061752950719892
Ankrd11,-0.03994195731651459,0.30654168422139605
Mrpl35,0.03162895996317239,0.3066376013760013
Preb,0.03238711116208885,0.3066376013760013
Mprip,-0.04717309667233671,0.3076964323725897
Eif5a,-0.044955610852134065,0.30942040844463836
Eloc,0.030704941243721973,0.30947576381952074
Ifi27,-0.03561650751258755,0.30990825146129963
Rbfa,0.03937222370480492,0.30990825146129963
Erc2,0.10771945782936698,0.31228378684161634
Rtf1,-0.04555357833102883,0.31228378684161634
Wdr48,-0.03263381998669364,0.3124491689395237
Csnk1d,0.04335320397813022,0.31250582451143316
Itpr1,0.03195946453756504,0.31250582451143316
Morf4l1,0.06368509153235458,0.31257618559037414
Scn8a,0.012203100678986528,0.3148496270394209
Fgf14,-0.07078545251178076,0.31596683361338085
Apbb1,-0.041816380923437535,0.31619824879893493
C1qtnf4,-0.025479757104609008,0.3173540535603981
Pde4dip,-0.015082751151312385,0.3173540535603981
Psap,-0.06363638661804838,0.3173540535603981
Pianp,0.01803960826398235,0.31778026990924585
Fam32a,-0.03917210217492628,0.3187778622501012
Lmbrd1,0.03912181923768687,0.3187778622501012
Ndfip1,0.05008850233921275,0.3187778622501012
Rab1b,0.013404208314749394,0.3187778622501012
Gm20498,0.054953616970648544,0.31896273391686336
Mllt10,-0.021456647186212888,0.32067321382698316
Selenos,-0.040608288648794566,0.3207691122177836
Cacna1c,-0.03992141329459575,0.3221102388494262
Nol4,0.011472752091928495,0.32278616120625786
Rogdi,-0.04123348565312396,0.32390255533099815
Atp5j2,0.0577428353162015,0.3261351758300844
Gng11,-0.03816062285072272,0.3261351758300844
Grb2,-0.0202259229659707,0.3261351758300844
Arl1,0.004980217284001998,0.326449170766387
D8Ertd738e,0.03429298422499427,0.3267265005973761
Bmyc,0.013225682627300561,0.32717141233700797
Nub1,0.036432519571429706,0.32717141233700797
Nudt18,0.031977841725665826,0.32717141233700797
Prkar1b,-0.07398677404698129,0.32717141233700797
Ralyl,0.0637368624955848,0.32717141233700797
Tmem59l,-0.0170049369211156,0.32717141233700797
Rere,-0.0463674829137371,0.32931159840308105
Znhit1,-0.056436255780289546,0.32931159840308105
AC154200.1,-0.06596096132667717,0.33033751143433315
Clcn6,-0.0249426214131786,0.33033751143433315
Dclk1,0.06627766588087775,0.33224226190407963
Adrm1,0.02727413006548307,0.33271407728092306
Pcsk2,-0.06162795651210168,0.33271407728092306
Agbl2,0.015553457747531196,0.33278645668062135
Ncl,-0.04246731144909055,0.33278645668062135
Ndufb10,0.03696610255880062,0.33278645668062135
Vta1,0.03487795658681944,0.33278645668062135
Atg12,0.03759639255127431,0.33281573684310317
Ksr2,-0.03162033872666713,0.33281573684310317
Mrpl27,0.03009598511029249,0.33281573684310317
Ndrg3,0.05313879143355382,0.33281573684310317
Nop53,-0.027974753854614565,0.3333866805695541
En1,-0.06615005611064928,0.33346678069457086
Gm21988,-0.026985154076233142,0.33346678069457086
Rims1,0.04970449098070734,0.33346678069457086
Aprt,0.015333059582425895,0.3340375367609782
Cd44,0.068749514594318,0.3342249169401482
Cygb,-0.03951186161150788,0.33476850488023713
Prpf8,-0.04101818138524216,0.33476850488023713
Cdkn2d,0.053593777087680095,0.3352057615710451
Cacna1a,0.03883172013185182,0.3354387706265642
Zmym3,-0.021989774487600366,0.3354387706265642
Ccnc,0.024428222344702016,0.33544894519538615
Wdr45b,-0.033963967228391206,0.33544894519538615
Fam13c,-0.030660297157274613,0.3362042813342546
Grsf1,0.038246197829801765,0.3362042813342546
Vat1,-0.04368505070632145,0.3367346652677122
Gdpd1,0.020591801233010854,0.3388685851845809
Arf4,-0.04507231686412533,0.33909121463057745
Mrpl11,0.02797626721631219,0.33955291724335623
Stk39,0.016767285650721164,0.3396159165040282
Mt2,-0.042358751127682504,0.340914570293755
Ufc1,0.03174021192588744,0.3415280193135235
Mfsd6,0.03786783431844201,0.34419376315444755
Mag,-0.057281269528027035,0.3444195068227586
Mpnd,0.04407982326855689,0.3445976379222257
Sobp,-0.005380724426952477,0.34574267718453694
St6galnac3,0.021291337577792502,0.3459063159524232
Sept7,-0.06609658833251797,0.3461773151587209
Ptbp2,-0.036649949698692674,0.34624667756761884
Smarca1,-0.04501633474361602,0.34624667756761884
Sdk1,-0.031518178338596714,0.34631386707697054
Uqcc2,0.05928447325354447,0.34631386707697054
Slc23a2,0.03589151453197739,0.34669930279453476
Zfp367,0.036103090300836915,0.3476198401823129
Cacnb2,0.048713614037594166,0.3481596618396627
Rab2a,-0.058167144904468615,0.3481596618396627
Vstm2a,-0.0375893724996543,0.3482145868195786
Cdv3,0.03792515739877264,0.3482736556002664
Gna11,-0.01488744133502487,0.3482736556002664
Commd4,0.04174237190396923,0.3492457795224074
Lgi1,-0.03877086168423058,0.34986719632963104
Ptprn2,-0.05116966343465418,0.34986719632963104
2610507B11Rik,0.0325958648406425,0.350465088889138
Pip5k1b,-0.03389336993320338,0.3517355588451357
Hspa12a,0.03145922420986408,0.35198770767250853
Dhx9,-0.02655066224740746,0.3524866601837807
Polr2f,-0.0378454937146126,0.3524866601837807
Svop,0.041496640042605615,0.3524866601837807
Trim35,-0.029988501876153817,0.3525971135547636
Sars,0.022244624122976175,0.35288888196845947
Tomm20,-0.05060357222125744,0.35288888196845947
Aplp2,0.08233128612853857,0.3535687825943429
Arhgdig,0.007373446759819324,0.3535687825943429
Snrnp27,0.044199952541894294,0.3535687825943429
Tmem11,0.031121784765810484,0.3535687825943429
Aig1,-0.03937433125783593,0.35380557380991384
Pomp,0.07503741999140012,0.35380557380991384
Vgf,-0.007168208901465994,0.3540308340854753
Kif13b,-0.010706391560591416,0.3554076733970578
Mydgf,-0.043671401995487136,0.355667552862083
Herc3,0.03394115770113873,0.35607616719282836
Zcrb1,0.05855277135707154,0.35607616719282836
Gabrb1,-0.02612781587660512,0.3564328339990448
C1qbp,0.014850720162913778,0.3568980305154252
Rbm39,-0.0245866569476777,0.3569894736602084
Chid1,-0.015390005270045984,0.3590621572663125
Ddost,0.029050332215928704,0.3590621572663125
Nsd1,-0.009936505283506064,0.3596707694921317
Nap1l3,-0.03711249108593903,0.3599766954170847
Timm17b,-0.020871710541743776,0.36056665712027164
Mrpl46,0.020418453381011725,0.36107639409339165
Sorbs2,-0.03371533163721749,0.36107639409339165
Hnrnpdl,-0.028707202142483096,0.3623154615964724
Pgk1,0.024211843274502765,0.36232356488219675
Emc3,0.004461753813610525,0.36325518963313447
Shisa9,-0.03692934151353783,0.36325518963313447
Hint1,0.06732914625855213,0.36428648674119135
Slc48a1,0.014280364575004478,0.36465249381395726
Dynlrb1,0.05563961838050013,0.36568853280727426
Epdr1,-0.0453164770189847,0.3662555272540496
Map7d1,0.0364349324353318,0.3663601745994921
Smim4,0.005418380091018027,0.3663601745994921
Tmed4,-0.04094030119584163,0.3663601745994921
Wdr1,-0.043923030594796963,0.3663601745994921
Larp4b,0.03145475479471482,0.36664863375898626
Trak1,0.019031426208838242,0.3669219589484169
Vps26b,0.03430047330915045,0.3669219589484169
B4gat1,-4.5776984243817154e-4,0.3672906450011583
Smarca5,-0.028316031337649844,0.3672906450011583
Bbip1,-0.02949492563358222,0.36742896516992396
mt-Nd3,-0.03893966686572101,0.3681237968422173
Cnksr2,0.020730736053188675,0.36914720355088854
Zfp532,0.021332962002986705,0.3695803442412176
Yif1b,0.03455931061481371,0.36964026035096226
Clstn3,0.035179255100527884,0.3696462119800402
Romo1,0.07610798331507751,0.3696462119800402
Pkp4,0.048336864454271045,0.36978606201049324
Slc6a11,-0.04027487234593061,0.3700714797969182
Dkk3,0.04673103609537632,0.3701069366820377
Thoc7,0.021095334650270525,0.37026763349151215
Asrgl1,0.037348781575553686,0.37081400446639834
Nsg1,-0.06354462881458645,0.37082298927966717
Ola1,0.046909955585471924,0.37082298927966717
Atp6v1a,0.0665278988856629,0.37097657797949807
Clta,0.05246934399536163,0.37110376166196624
Gm43738,-0.01661992080732322,0.37110376166196624
Gripap1,0.01426401649607767,0.37110376166196624
Gtf2a2,-0.010552186721403095,0.37110376166196624
Npdc1,-0.057506545907592965,0.37110376166196624
Bud31,0.022022603764871723,0.37111357640093423
Celf1,-0.03614577264781113,0.37111357640093423
Zbtb20,-0.07723945941893118,0.37149916517477793
Tom1l2,0.044483378648855154,0.37281658405581325
Opa1,-0.03700322770497247,0.3731178474821327
Gpc5,-0.01120376922277766,0.37376003537565206
Rnf167,-0.028340004147992703,0.37376003537565206
Slc37a2,-0.027073532849231655,0.37376003537565206
Slc30a9,0.05829815128951643,0.3745582212533964
Stx12,0.05100594243085804,0.3750616404131524
Bsg,0.0670887320137803,0.3752564921229157
Elmod1,0.03844485124689895,0.3752564921229157
Hbb-bs,-0.061907200669302886,0.3752564921229157
Polr2b,0.026944686964398806,0.3752564921229157
Micu1,-0.034279276976251216,0.375963628292444
Sphkap,-0.014840977889509888,0.37679238385327224
Arl3,-0.060140056724644175,0.37718105067432856
Bola2,0.06296042685823905,0.37718105067432856
Car10,-0.03287969509824165,0.37718105067432856
Adk,-0.004083999720171344,0.3777017003003844
B3gat2,-0.021360149939572026,0.3777017003003844
Coa5,0.02839719742661659,0.3777017003003844
Fam69b,0.04148397728155803,0.3777017003003844
Impa1,0.02985323006489464,0.3777017003003844
Klhdc10,-0.03041756914530233,0.3777017003003844
Surf1,-0.022982228170937535,0.3777017003003844
Prdx2,0.07587136614790257,0.37777826847758683
Thoc1,0.001417402870535378,0.3779262535041292
Prmt1,-0.029324522442173845,0.379115505713224
Nkain4,0.001360908507823222,0.38015680030924703
Smim20,-0.02820071966445481,0.38021030923608645
Cyb5r3,-0.03301142922345747,0.380260907892562
Hk1,-0.02443185959971489,0.380260907892562
Dbn1,-0.03480287386053932,0.3819518641990397
Insig1,0.02644560663301035,0.38345913879965215
Cab39,0.04648288234165765,0.3840979749371065
Slc25a22,0.013656356508658096,0.3843230865841766
Tomm70a,0.026763011896585975,0.3843230865841766
Vti1a,-0.009130897421736908,0.384376116244819
Ap1s2,-0.04245170260342654,0.38444371967514523
Gramd1a,0.013957370788685086,0.3846009374272992
S100a1,-0.045124860716612425,0.38525022166029715
Tnrc6b,-0.026992822801432725,0.3855012551612403
Timp2,-0.037006488216528854,0.386134161983346
Ppp5c,0.02653732806611353,0.3863471105734491
Psma6,-0.06980011595855506,0.3863479128095141
Camk2b,-0.02506539723121759,0.38656501505662805
Peg3,-0.07064645287615656,0.38656501505662805
Lama4,-0.017682083334562892,0.38702548147669064
Srsf1,-0.02914932681037319,0.38702548147669064
Cers1,-0.027583266063278516,0.38735219242166485
Cpne4,0.030741870004838717,0.38777437241189183
Fdft1,0.033526243828131796,0.3882710570470701
Nf1,-0.041762606966398,0.3882710570470701
Cystm1,-0.06209436832891296,0.38849516437740844
Plcxd3,0.05827338078150246,0.3888509640771636
Vbp1,0.001604745205199154,0.3888871214772849
Ssu72,0.055966672474096035,0.3889622419661385
Blmh,0.006382633567189627,0.3893951980580016
Dnajc19,0.023154928360974936,0.39002616219294783
Gm16286,0.041930594979203484,0.39002616219294783
Glrb,0.04807657001323917,0.3905648677166952
Rbm5,0.0013930404851639488,0.3921026696448421
Psme2,-0.018206271825103204,0.39252104852505004
Pcnp,0.022183986930825655,0.39394029629213884
Banf1,-0.047317472151336665,0.3942109221025749
Nr1i3,0.0345704199616475,0.39434787840373436
Pmpca,-0.03360532721751325,0.3945419110496972
Adcy1,0.03008589036443106,0.39475254869943405
Cpeb3,0.038761312688924854,0.39475254869943405
Sdhaf2,0.03383813680213363,0.39550343861492737
Trap1,-0.01440494229927515,0.3963614525447467
Plxdc2,-0.03166107449504446,0.396436550019911
Ufd1,-0.03135836319749982,0.39644739670767415
Nrcam,0.010484968235829117,0.3966610820182069
Nudt9,0.00526603520994956,0.3966610820182069
Atp13a2,0.03167478396975826,0.3968286891481028
P4hb,-0.0381142464810908,0.3968286891481028
Ech1,-0.036904120587932965,0.3972349352184658
Fam57b,-0.007802226595942596,0.3972349352184658
R3hdm1,-0.026545053859878154,0.3972349352184658
Cmip,-0.015860629676815452,0.3976836787744651
Asic2,-0.048161042815008326,0.39853045340162796
Ciao1,0.01898290411838216,0.3985957632708674
Paxx,0.005069360523191471,0.39905859741664673
Rwdd1,-0.003294933927750626,0.3993289115501133
Slc2a13,0.03477116844260583,0.4001222268683579
Atp9a,-0.06213388556614102,0.4001416706945992
Slc44a1,-0.02970838125696211,0.4001416706945992
Spryd7,0.047249401993210705,0.4001416706945992
Gnptg,-0.021327080183396963,0.40018047324667666
Bag6,0.009754756245095308,0.40061695800202823
Lamtor4,0.04903840235781498,0.40061695800202823
Copb1,-0.003709853349665504,0.40095027076727596
Akap9,0.013365699763606825,0.4013983192041962
Cops4,-0.0032521977239028943,0.4013983192041962
Gphn,0.05172145555789953,0.4013983192041962
Rap1gap2,-0.023627149175398626,0.4013983192041962
Cpsf3,-0.0296672569386503,0.4014471439177435
Pi4k2a,0.015319095634299396,0.40160411975695326
Lamtor5,0.05512035945915689,0.4029161411511034
Ndufa1,0.051949712397753256,0.4029161411511034
Rbm6,0.004518115596032796,0.4029161411511034
Dctn2,0.07476202217513861,0.40304636357493606
Plec,0.022105116082527687,0.40304636357493606
Agfg1,0.039290076255273115,0.40323300508109716
1810043G02Rik,-0.03247635228496437,0.4056214478526445
Larp1,0.033956350145732284,0.4056214478526445
Coro1a,0.024091042083885378,0.40565662693530835
Smg6,-0.0195638622881317,0.40565662693530835
Srsf5,-0.04936762227928265,0.40565662693530835
Fabp3,0.05067080936669638,0.40622184966745356
Fbxl16,-0.017480964784450964,0.4076990327941318
Dcaf12l1,-0.03789080320651181,0.407962066340303
Crbn,0.021669398837752735,0.40803110540657966
Polr1d,-0.061365916168885815,0.4085350227784486
Pgm2,-0.023333631364639645,0.410190593605504
Dgkb,-0.04197018066156,0.41059326937910195
Psmd1,-0.049262117640548275,0.4115115152577317
Ccdc25,0.03476635556161822,0.4119445321198134
Pcdh15,-0.055118870160946576,0.41361368254642117
Rpl5,-0.05040014823809458,0.41361368254642117
Atp5g2,-0.0068687970931348985,0.4139812251230102
Stag1,-0.03267439095911007,0.4139812251230102
Tpgs1,-0.01694809996983948,0.4146247785500108
Gclm,0.033506389878160986,0.4146492581311748
Stx18,-0.045876227087988664,0.4146492581311748
Ufsp2,0.03236213904259072,0.4146492581311748
Fgf12,-0.028687463838218852,0.4148285069593369
Prickle1,0.02985179082251571,0.4148285069593369
Sae1,-0.03919486252994939,0.4148285069593369
Ap2b1,0.041901997661483115,0.41483360015211435
H2afy,-0.050570579691579964,0.41483360015211435
Prkg1,-0.046285055157334,0.41483360015211435
Pum1,-0.0278810358141815,0.41483360015211435
Ube2d3,0.06302160703705173,0.41483360015211435
Pagr1a,0.026708518856575686,0.41578807012278834
Bscl2,-0.02406997444726927,0.4159347883456713
March2,0.039110094130703404,0.4159347883456713
Aatk,0.004668658983194046,0.41622754348796004
Smarcb1,0.03508778751969102,0.41653193364985125
Ncoa2,0.010785026294453604,0.4171827862149029
Rbfox1,0.01979345515463815,0.4173340845446522
Snhg6,0.020208208233923025,0.4173340845446522
Gfer,-0.024919259733238913,0.41769572876153016
Lrrc58,-0.04065367398324332,0.41769572876153016
Ttc7b,-0.004555522600788897,0.4177262345616315
Ache,0.009217654744028414,0.41800114549928075
Usp33,-0.038139084285227914,0.41800114549928075
Cnih1,0.0347554867549596,0.41837715908340384
Fam126b,0.02817930752835693,0.41837715908340384
Gtf2a1,-0.018525070996257748,0.41837715908340384
Map4,-0.04120473523838819,0.41837715908340384
Ndufs3,0.017402383292103973,0.41837715908340384
Nefm,-0.032399879484182104,0.41837715908340384
Sdhd,0.003482895616695736,0.41837715908340384
Arhgap5,0.03856494527773152,0.418563879586672
Sh3glb2,0.04766237039441923,0.41864142096224255
Tmem246,-0.03199441698687219,0.4188137840480083
Dcaf8,-0.04376197111798941,0.41896742313174934
Ptprt,-0.024620351267810606,0.41896742313174934
Dnajc5,0.06085823983144478,0.4199836049911816
Commd6,0.012077964593505436,0.4206130064574736
Phf14,0.004938954169566967,0.4209007003536459
Slc27a4,0.019310856027017514,0.4213777806783578
Agpat3,-0.0036458828751311234,0.42259160857002553
Ankrd13d,0.02088290818128684,0.42380841885180953
Dlgap2,-0.028795201356468875,0.42380841885180953
Selenot,0.05219045336232825,0.42380841885180953
Tenm4,-0.039294426175743025,0.42380841885180953
Trappc6b,0.0015965945346645971,0.42380841885180953
Txn2,0.04053567439181349,0.42380841885180953
Chd2,0.026090925577367252,0.42392037663233023
Tmem63b,0.026214722819736497,0.42392037663233023
Ass1,-0.015410160591564193,0.4245508460233363
Sec22b,-0.026591936396684335,0.4245508460233363
Scn3b,0.016599992912312678,0.4249533995559317
mt-Co1,0.05693922840756693,0.4249533995559317
Paip2b,-0.029765301550654655,0.42535029124932006
Sin3b,-0.010962973755117705,0.42535029124932006
Fxr2,0.03436176119443504,0.42578484949866957
Fbxw11,-0.024527523277936975,0.4259337588028709
Lamtor2,-0.021427302284450556,0.4259337588028709
Snx16,-0.016464341467365612,0.4265452960114598
Tmem255a,-0.04279326015588397,0.4265452960114598
Ccdc136,0.043279070731387204,0.42658944670339266
Eef1a2,0.03718412883227773,0.42658944670339266
Gatsl2,-0.04641918478738083,0.42658944670339266
Ppt1,0.03528607987193366,0.42658944670339266
Tm2d2,-0.02379617677681692,0.42658944670339266
Usp7,0.019777996036328405,0.42658944670339266
Ubqln1,-0.006576912277813984,0.42669326749690994
Pde6d,3.464616547506072e-4,0.42702385262721065
Tmem9,-0.022242896095261228,0.4270974917841418
Actr10,0.04333339059058178,0.4273125998512067
Appbp2,-0.033222127643964566,0.4273125998512067
Ncor2,-0.02385269774129234,0.4273125998512067
Rlim,-0.021014999819429003,0.4273125998512067
Tanc2,-0.04695078225626159,0.4273125998512067
Pfkm,0.05207646533805521,0.42778085170340757
Samd12,-0.0041779150316839375,0.42827354902677545
Itpk1,-0.017847382582254046,0.42913358181559547
Hpcal4,-0.05757028519067792,0.4326589201713431
Cirbp,-0.036569566183216856,0.43315383789178563
Cfap36,-0.030043550951296405,0.4345438583265861
Pik3ca,0.027506724499433532,0.4345438583265861
Hsd17b12,0.029564781247950755,0.43487456993038126
Cyhr1,0.03464941533750915,0.4351258514381791
Nudc,-0.02554338029180253,0.4351258514381791
Psmd7,-0.016493281351629696,0.4351258514381791
1110051M20Rik,-6.278214767040935e-4,0.43540152532510396
Ctla4,-0.029885688802284233,0.43540152532510396
Fbxw2,-0.02925343029427313,0.43540152532510396
Grin2a,-0.04280707192824257,0.4367511914707259
Rnaseh2c,0.0366305038614716,0.4367511914707259
Arid1b,0.03490819604483056,0.4371151241014417
Smarcc2,0.022211817378671506,0.43760513800522255
Shoc2,-0.030607225032863172,0.43770246506224647
Fcrla,0.041554840917021496,0.4388289508435817
Gapvd1,0.013117237523670472,0.4388289508435817
Mrpl54,0.05380045646556525,0.4388289508435817
Ankrd6,-0.03117107701799221,0.441014357522956
Kif5c,0.05428640715324945,0.441014357522956
Mrps12,-0.0560613120195681,0.441014357522956
Trappc2,0.004837129126181783,0.441014357522956
Selenoh,-0.045585220455542086,0.44188721288433763
Kpna1,0.02129061316181352,0.44230748193794206
Sf3b2,-0.051186406845579846,0.4427312446604219
Ablim1,0.005608516266049329,0.44365026196981594
Cox20,0.019043803011687732,0.44370702782305244
Sf3b6,0.020819241316096915,0.4441858975608576
Tulp4,0.03226098471115019,0.4469213510316184
Chmp3,0.011180764477665861,0.44726973733379227
Gcsh,0.002563835256665037,0.44726973733379227
Ppfia2,-0.042828925799469286,0.44726973733379227
Ubqln2,-0.025975731954182735,0.44726973733379227
Zc2hc1a,0.03903573221424936,0.44829393659421257
Gtf3c1,0.026923833799453817,0.44840505896411736
Nt5m,0.034860683089386,0.44916552504548535
Ccdc12,-0.029508164356598282,0.449808389778665
Clasp2,-0.04867232336803701,0.449808389778665
Cuta,0.04968931313171121,0.449808389778665
Ddx24,-0.028676949888710612,0.449808389778665
Mpdz,0.00584924317044469,0.449808389778665
Mtpn,-0.039813708296830286,0.449808389778665
Cpe,0.07065850340463187,0.44997466799885844
Cog5,-0.01720258689809577,0.4510923675718882
Gak,0.029631915508630216,0.4510923675718882
Kif21a,0.05178173377588097,0.4510923675718882
Ntsr2,-0.03758198073878535,0.4510923675718882
Pmpcb,-0.013039481532188368,0.4510923675718882
Sfr1,0.025736317608997805,0.4510923675718882
Foxn3,0.0313272901664734,0.4531171517475093
Chpf,0.015087412402124634,0.453290193249855
Narfl,0.022300962597548324,0.453290193249855
Nt5c,-0.030171447433087195,0.453290193249855
Rasal2,-0.03785059971820673,0.4555078769551686
Ddx25,0.03448917381082148,0.4561676986460032
Map7,-0.02247358719544959,0.4561676986460032
Coq7,0.02966873962989333,0.4575270712626315
Tecr,-0.06738900736488718,0.45757571500752303
Clasp1,0.008264934609895969,0.4576744589487611
Slc8a1,-0.008403246598404718,0.4585057673048261
Nfasc,0.04478192479232529,0.45895913292565704
Rnf157,0.041474127286813545,0.45895913292565704
Actr3,-0.04058686192758096,0.4601425019579079
Eif1b,-0.026204369206721978,0.4601425019579079
Ndufb9,0.0744764894703307,0.4601425019579079
Tomm5,0.029204221603514435,0.4601425019579079
Akap11,-0.0384350109207178,0.4603960691618995
Emg1,-0.03632787446465979,0.4603960691618995
Rnf220,0.002868146413118444,0.4606536857058091
Cdkal1,-0.017695053606257477,0.4607550777361739
Scaf8,0.007306525929311608,0.4607550777361739
Dohh,0.006714403558886306,0.46077230668083025
Jpt1,-0.04458150590044291,0.46088159508288
1810013L24Rik,0.03336265140611916,0.46143873075116665
Tceal5,-0.05779412009924506,0.4616186842875195
Hacd3,-0.030217274211318534,0.4616247458780083
Gtf2b,0.02194916831100499,0.46184173656601485
H13,-0.03508026048802826,0.46184173656601485
Arhgef28,-0.03515815750385287,0.46214944091850463
Swi5,-0.053458708586874626,0.46214944091850463
Top2b,0.03187920894094781,0.46214944091850463
Chp1,0.041883012759623806,0.4625782365975632
Lpcat1,0.027049410859634346,0.4625782365975632
Sorl1,0.02257185417505589,0.4625782365975632
Tox2,0.03002196706189686,0.4625782365975632
Mfge8,-0.019395996316067143,0.46258208291745256
Mkl2,-0.03064670546763465,0.46258208291745256
Fam213a,-0.03834148983958577,0.463767587236501
Ndufa12,0.054859322499174135,0.4645042925003995
Znhit2,0.02706700499267209,0.4645042925003995
Atox1,0.0678681154803017,0.4647170104566595
Tmem242,0.021342918828018198,0.4650972257320854
Ckmt1,0.05094169316543806,0.4677196620860621
Copa,0.03748442065524352,0.4677196620860621
Gmfb,0.033794549101129084,0.4677196620860621
Naxd,-0.02762405709014945,0.4677196620860621
Ciapin1,0.03600805983867056,0.4680759516017428
Ift20,0.03055744939750893,0.46861496145782583
Cacna2d1,-0.03742381958095281,0.46930580702488367
Ank,0.0013611867602014993,0.46946033040749285
Myo18a,0.0097518765798814,0.46978016276548273
Dhps,0.005420304710445939,0.4705583183942726
Scrn1,0.052786544282771075,0.4705583183942726
Rrp1,-0.0025160544362520243,0.4715533419939762
Bcl2l1,-0.032420926769202746,0.471890119890279
Tro,-0.033263763384630635,0.4728612769020362
Camk1,-0.028914844779714205,0.47296146252321003
Rab18,0.047514570871792505,0.47379637741978936
Ip6k1,0.003461919158720017,0.47405370814667064
Arid1a,-0.011553401093640892,0.4741819967603339
Deaf1,0.02664126422275978,0.4741819967603339
Mapt,-0.045473579062503044,0.4741819967603339
Spred1,-0.019400219393898396,0.4741819967603339
Ap1s1,-0.013455960547335666,0.47514108111021663
Pgls,-0.0032801644452646606,0.4766925588795808
Dlgap4,0.04140448875510466,0.4767336620019099
Pla2g4c,-0.03083835405627086,0.4767336620019099
Sub1,-0.05048562755020991,0.4767837862139024
6030443J06Rik,-0.0216961795809662,0.4771192384243424
Myt1l,-0.04709101733482568,0.47715379297600824
Wbp11,-0.01752062080102798,0.4775535681273705
Gtf3c6,-0.0273991587697886,0.4776864382167345
Rab11b,0.02197156050690441,0.4776864382167345
Smim12,0.038723039301898465,0.4776864382167345
Arl8a,0.027721680660482306,0.47780871651379625
Ctsd,0.012265156506082397,0.47780871651379625
Mark2,0.018506022034239997,0.4783426672005167
Snrpa,0.02232150959015214,0.4783426672005167
Trmt112,-0.023993235200122198,0.47843438108630676
Zmynd8,-0.021844179780463352,0.4791932424379871
Camk1d,0.05938949592052167,0.4800186809776694
Tmem106b,-0.026123081134465348,0.4800186809776694
Tcp1,-0.040769312259751334,0.4801689596638332
Diablo,0.026304774422091004,0.48040290422529003
Echdc1,-0.02143049633634464,0.48040290422529003
Htt,0.010398231798228408,0.48040290422529003
Lamp2,0.005928047055948932,0.48040290422529003
Lrp1b,0.025425758130392828,0.48040290422529003
Snx4,-0.005758216120069132,0.48040290422529003
Urm1,-0.023394824446148516,0.48040290422529003
Actr2,0.047611014538966545,0.4809165036730853
Tomm34,0.029851041575692322,0.4810911518994643
Grhpr,0.027273399650168256,0.4811017198590145
Cdk5,5.560053305943002e-4,0.48305318087640947
Elmo2,0.0067251032218764994,0.48305318087640947
Fmc1,-0.028260298551164575,0.48305318087640947
Gm20716,-0.0284537656810422,0.48305318087640947
Slc25a51,-0.009214095625776242,0.48305318087640947
Adcy5,0.02462835449971318,0.48323403795946385
Mrpl58,0.0268332227470805,0.48355979520808257
Snu13,-0.039447590878825045,0.48355979520808257
Rab11fip3,0.01594786176284778,0.48358886288203884
Exoc5,-0.0018858119612354396,0.483974588212985
Khdrbs1,-0.039312040173954343,0.483974588212985
Wdr70,0.007689007785077889,0.483974588212985
Tomm22,-0.029489618051249777,0.48480943998166637
Ylpm1,-0.007355363578523233,0.48480943998166637
Caskin1,-0.03300545275271308,0.4851807124936469
Ufm1,0.022325626055498815,0.48524506628032077
1810037I17Rik,-0.056695580133381385,0.4853316640298935
Polr2g,0.024762942515135333,0.4853316640298935
Tnk2,-0.025014623234894034,0.4853316640298935
Tmem50b,0.036213119520262516,0.4863217236999269
Eef2,0.06614938946282445,0.486479729371257
Naa50,-0.009153824752774181,0.4875995568027285
Serbp1,-0.03929485936531829,0.4875995568027285
Cpeb1,-0.022814787529064184,0.4878298029003039
Hif1a,-0.022369426080772803,0.48881702856338055
Pea15a,0.0691224946188359,0.4891320245804022
Pgrmc2,-0.011344390091396317,0.48940584279037525
Ramp1,0.030994725028453685,0.48940584279037525
Vps41,0.0078071461246847496,0.4903137929926478
Cwc15,-0.03954243935424845,0.4909203495551519
Tmem183a,0.037793475771374235,0.4909916015495651
Ndufv2,0.06078851876800129,0.49205710902290484
Serpinb6a,0.020412695770416905,0.49209413664229423
AW551984,-0.02605624523293107,0.49282876080814525
Kcnc4,-0.033631044230866075,0.49282876080814525
Wsb2,0.03921385328207827,0.49331340503903887
Ndufs8,0.057668174451871,0.4933262509702664
Hmox2,-0.029602272171193766,0.4935041044215531
AC149090.1,-0.03531716168609683,0.4943204352366496
Dad1,-0.0531473556512253,0.4944199420393905
Anxa5,-0.03414795408777227,0.49520303749465855
Atp6v0e2,0.06755453343990481,0.4952752865734787
Zfp638,-0.03141202421707709,0.4956286128521445
Fem1b,0.025520855733015546,0.49597685790886736
Bpgm,-0.029728496081552896,0.49600960198191535
Cntn1,0.018112239027050947,0.49638929316184444
Psmc5,0.053586804134591604,0.49711984507403
Slc4a3,0.02545456873357599,0.497159537520875
Adar,-0.03436837786564634,0.4983926074923505
Wdr61,0.02666638850053632,0.5007233998372334
Igsf8,0.034248790725380396,0.501512376758886
Klhl2,-0.02636742074448374,0.501512376758886
Atp6v1h,-0.048044767245240594,0.5022120727425916
Tmem9b,-0.018477717422861778,0.5022120727425916
Tenm1,-0.03761985959550776,0.5022419971617875
Ypel3,0.03782901777188685,0.5022419971617875
Kmt2e,0.028349216539365313,0.5034639341625072
Ube2n,-0.03505747391344555,0.5034639341625072
Ranbp1,-0.034244110388710114,0.5036021119954572
Zmiz2,0.010942662127934433,0.5038839430403539
Cnrip1,0.02499959376926303,0.5050062400756025
Pccb,-0.019071167790197796,0.5060206771174968
Add2,-0.030341201751754338,0.5061078276863137
Grid1,-0.03443671748370797,0.5061078276863137
Parp6,0.02634850236254767,0.5061078276863137
Syt4,0.03171321782578973,0.5061078276863137
Tor1aip2,0.017666281800803846,0.5061460976849043
Itpa,0.03671829196637014,0.507191839115171
Dab1,0.056660508405258714,0.5082538314810261
Idh1,-0.026171567580837052,0.5082538314810261
Slit1,-0.02486427397003106,0.5082538314810261
Tnpo2,0.03246600288992668,0.5082538314810261
Msl1,-0.02439165918260955,0.5088791180250821
Ntsr1,0.029270763593474414,0.5093662631413903
Sec61b,-0.04329951154989503,0.5101712196776442
C230004F18Rik,0.026643969454375582,0.5103041316164124
Lcor,0.025883304305061305,0.5103041316164124
Nell2,0.03686674370057583,0.5103041316164124
Rptor,-0.026434745545191624,0.5103041316164124
Ssr1,-0.02749811777586028,0.5103041316164124
Fam19a1,-0.011817993444313751,0.5103729510670053
Cct5,0.040653794493916484,0.5104294360020958
Vps29,0.05952834086190739,0.5105750836853717
Lyrm2,0.027983581148286335,0.5106297446624564
Rpn1,0.005817664823845992,0.5112306609766499
Nav2,-0.019808990184167707,0.5121175687526636
Gm21949,0.07719604401504421,0.5133014338498393
Rbck1,-0.00945702781157276,0.5133014338498393
Taf10,0.028069418202495977,0.5133014338498393
Tmem191c,0.01605334966089103,0.5133014338498393
Xpr1,-0.01695742858974636,0.5133014338498393
Gls,0.04568516720532534,0.5136091501833195
Mapk8ip2,0.040196257058986884,0.5146213928679028
Snx17,-0.03293311439302585,0.5146213928679028
Dpysl2,0.06427428740642627,0.5148149410137066
Etfb,-0.02906769846297058,0.5148549146602531
Kifap3,0.04655530100596106,0.5148798594816247
Dmd,-0.051310564557301486,0.5157833671236585
Commd1,-0.032874810695980944,0.5159050528223892
Eny2,0.01879812294597527,0.5159050528223892
Gm49356,0.04266492340873501,0.5159050528223892
Opcml,-0.05038292250237897,0.5159050528223892
Psmb2,-0.047743467784629956,0.5159050528223892
Sacm1l,0.03963077829327877,0.5159050528223892
Suds3,0.016926227909027203,0.5159050528223892
Ywhab,0.07311505545196884,0.5159050528223892
Cbfa2t2,0.0029646232349915813,0.5179076847236072
Napg,0.036814149184006745,0.5179076847236072
Smarca2,-0.04295016136739377,0.5179076847236072
Tmem33,0.028946273498471536,0.5179076847236072
Ppp2r5b,0.019838053724491045,0.5185900289275638
Hmgb1,0.009035015348434927,0.5198727701216754
Rnf5,-0.0021009266139275506,0.5199585115638162
Rdx,-0.018817775959156513,0.5200608312563784
Pdhx,0.025986925420010368,0.521706376997353
Syp,0.04512346445755089,0.521706376997353
Cep170,-0.012502580668602437,0.5221659198372045
Tmem117,0.03148318226112326,0.5224051555774767
Map1a,0.04392391976719007,0.52256879951877
Copb2,0.005351032581667775,0.5237981157760787
Dnajb6,-0.03813836529437775,0.5243608651999816
Abi1,-0.03143912835173146,0.5256291325472682
Snrpd3,-0.03615979780444267,0.5257977367186011
Nhp2,0.03316886525650159,0.5266466857163429
Hnrnpr,-0.03317142433850506,0.526655970398777
Tmbim6,-0.005213349911764309,0.526655970398777
Tmed9,-0.016932656846509353,0.5267316178929653
Pin4,-0.004111153716072985,0.5268700244362042
Rasgef1b,-0.030172872535250278,0.5268700244362042
Stard7,-0.02027120150861844,0.5271843355502691
Abhd16a,0.02440827762086785,0.528218361898827
Dnajc18,0.020656936804855114,0.528218361898827
Drg2,0.0160305987128838,0.5287728383855081
Immt,0.006423183174306568,0.5287728383855081
Mast4,0.024700681867801527,0.5287728383855081
Pacs2,-0.03152802490752657,0.5287728383855081
Slc35b1,-0.027055948519051715,0.5287728383855081
S100a13,-0.026482967687715464,0.5304951297010854
Xbp1,0.04025147696686171,0.5304951297010854
Rbl2,0.006929036510985781,0.5305696358099592
Ankrd12,-0.012316228536196322,0.5325751317172632
Upp2,0.028682329326490313,0.5335346742706638
Eno2,0.05802260088327582,0.533753247090789
Drosha,0.030754749902206696,0.5342829494609296
Plekha6,-0.0094963457771772,0.5342829494609296
Ppil2,-0.02224425495390292,0.5342829494609296
Tmcc1,-0.04234098089009364,0.5342829494609296
Tmsb10,-0.06321741755249732,0.5342829494609296
Akr1a1,0.05870775895202751,0.5345102276626825
Gnai1,-0.03762841392895344,0.5345102276626825
Unc5c,-0.010389755734623751,0.5345102276626825
Kpnb1,0.022674046601768916,0.5359959441477293
Rab1a,0.01988820554034143,0.5359959441477293
Ptprf,-0.02345235900252929,0.5361802051426856
Bclaf1,-0.03453027488549762,0.536524963194899
Pak1ip1,-0.018664920857787787,0.536524963194899
1700037H04Rik,-0.03595030356274487,0.536579305219831
Grm5,0.024618744250504254,0.536579305219831
Ergic3,-0.012946134538887988,0.5369286774833155
Me1,0.019301214766323932,0.5370622843512309
Dgkh,0.03049700766244559,0.5372617211804064
Ap3m2,-0.02948424752804077,0.5373489248362917
Dazap1,0.026492635487604527,0.5373489248362917
Maged2,0.020878658743631845,0.5373489248362917
Rexo2,0.03369648049187687,0.5373489248362917
Slc25a39,-0.040125751290450984,0.5373489248362917
Actr3b,0.024566430201374126,0.537728604748261
Kcnq5,-0.006817294726729317,0.5380576508769567
Usp32,0.02191774195922569,0.5384028206139334
Csnk2b,0.028461324939910493,0.5389799353558887
Ube3c,0.025731773335244346,0.5390096747925446
Dnajc12,-0.030413551412460604,0.5404405703513727
Itfg1,0.06011459513197959,0.5404405703513727
Cdh18,-0.021643009873489882,0.5404426977208769
Ppp2r2a,-0.028056315585467784,0.5404426977208769
Prelid1,-0.022551992496785633,0.5404426977208769
Rcn2,-0.014259668269805736,0.5404426977208769
Nlgn1,0.05220413432065851,0.5406404444322881
Gria3,-0.03277650583227462,0.5410776679020975
Ablim2,0.03213358575634542,0.5422626155608332
Acp1,0.017633350104790724,0.5425431996113691
Fam3c,-0.007559363192410851,0.5425431996113691
Ggnbp2,-0.0411581188005572,0.5425431996113691
Mturn,-0.009903214011399236,0.5425431996113691
Ap2m1,0.05638013707316725,0.5431417432699949
Cmtr1,0.029995865829875984,0.543342269272444
Eif1ax,0.03210215836515118,0.543384596716307
Lpp,-0.02441314126465531,0.543384596716307
Tbc1d9,0.008470487251693748,0.543384596716307
Ube2d2a,-0.012490826594507176,0.5439837756691187
Zrsr2,0.030371636770975485,0.5451860419011645
Churc1,-0.040310394813594275,0.5461453513925859
Dcaf7,0.02141981318418157,0.5462208889333046
Rap1gap,0.021270156636352733,0.5462208889333046
Spock1,0.030255325119736914,0.5462208889333046
Spock2,0.04005170958279747,0.5462208889333046
Mpdu1,-0.029482667313554423,0.5463846884238281
Dync1i1,0.005994534627429271,0.5479007815834896
Med31,0.014186481877735246,0.5481363782852644
Mfn2,0.024252349863997547,0.5488142013933252
Csde1,0.04318886160416835,0.548824644406341
Nav3,-0.018352435785634447,0.548824644406341
Snrpa1,-0.027216490009599026,0.548874088961718
Fscn1,0.010073023508790857,0.548959729748345
Rad21,-0.03178717589950478,0.550244181767384
Fyn,-0.02720417697054553,0.5503274161068806
Ankrd34b,-0.012934191000287198,0.5503798854109594
Grin1,0.026720774440023187,0.5509898820571498
Slc16a2,9.724880123507251e-4,0.5509898820571498
Prickle2,0.03167713487392648,0.5534821478891493
Elovl6,0.02172484563681215,0.55645815290112
Phlpp1,-0.005448889003439983,0.55645815290112
Tmbim4,-0.034299653665867985,0.55645815290112
Mdp1,0.02369892344973376,0.5568515292159216
Chtop,-0.033644342759554136,0.55738750836571
Cmas,0.04374679235783241,0.5579365362703407
2510009E07Rik,0.027484027356917573,0.5580303920761038
Naa10,-0.007664783051996582,0.5580303920761038
Sel1l,-0.0037161519147463906,0.5590261164595407
Adnp,-0.0036416742429906945,0.5601386368892244
Ankhd1,-0.02963292887882593,0.5601386368892244
Cxxc5,-0.018738818400722446,0.5601386368892244
Elob,-0.0032437370458544557,0.5601386368892244
Erbb4,-0.0604521975284078,0.5601386368892244
Glrx,0.02532711839346352,0.5601386368892244
Polr2i,-0.024846066330008576,0.5601386368892244
Smim14,-0.02628258512361281,0.5601386368892244
Snrpd1,-0.03881894030769656,0.5601386368892244
Snx30,-0.024643532666432807,0.5601386368892244
Stam,0.029412624215672395,0.5601386368892244
Ube2z,0.022641029259775597,0.5601386368892244
Naa15,0.026872117284256036,0.5614880554657133
Dpm2,0.02767671474099745,0.5638027873829056
Vps35,-0.0023193532890153357,0.5644598895821717
Gtpbp8,0.01788872371649894,0.5648113172819978
Mrps15,-0.009492585744905024,0.5648113172819978
Lsm3,-0.014555205055541975,0.5648501488385577
Ptgds,-0.056980567655025904,0.5648501488385577
Dnm2,-0.008045365685584865,0.5649061144787222
Nus1,0.012578413904504177,0.5654149090753291
Pdk2,0.025775152932519876,0.5657715407427364
Dhx30,0.027508299423227717,0.5660675159644666
Pitpnm1,0.02984657171571045,0.5661493373951564
Ash1l,0.033564951145392485,0.566285060585031
B3galnt1,-0.02473184780705301,0.5671208617282507
Cryzl1,-0.019034757138967684,0.5677813767422155
Map6,-0.030495223716087427,0.5677813767422155
Megf9,0.023430486968302272,0.5677813767422155
Mrpl33,-0.033392578998791445,0.5677813767422155
Polr2e,-0.040047606903932,0.5677813767422155
Ube2a,0.029955563623227432,0.5677813767422155
Dnajb4,0.030392639066723764,0.5682317784454014
Ccdc124,0.04766107988090512,0.5707633412520995
Luc7l3,0.03389557084670344,0.5707920419127871
Fam241b,0.02976461404362296,0.5712604395478836
Emc10,-0.04116567003854904,0.571709510959527
Calr,-0.03458474874544476,0.571821176716165
Gpr37l1,-0.012751019493519922,0.5726154794335954
Aff4,-0.007622949474283547,0.5726277101847993
Gorasp2,-0.034341229680394936,0.5745952449050601
Gadd45gip1,-0.007974913213988799,0.5751233330284766
Ywhaz,-0.001694817593268616,0.5757462981674609
Rassf3,-0.03655513696229179,0.5761165801404039
Zcchc7,-0.02641873827649094,0.5761165801404039
Asph,0.0100143951595425,0.5761212969328054
Uchl5,0.031975784811021535,0.5761212969328054
Atpif1,0.06249373180736595,0.5764703321718863
Cct3,-0.040288065644736304,0.5764703321718863
Ptprd,0.037726214742299424,0.5764703321718863
Farp1,-0.02020614395087969,0.5777419203888512
Ube2b,0.04469710386635428,0.5787410215508274
Stx1b,0.036483460246423904,0.5791410820579146
Rnf187,0.04506082562812408,0.5804277327515776
Tmem259,0.020682846099148527,0.5804277327515776
Mapk3,-0.037035652150667786,0.5811808263967817
Acsbg1,0.00958483065778562,0.581240656195893
Rdh5,-0.040428285785053086,0.581240656195893
Dcaf5,-0.011461088682066883,0.5820947689364355
Rhoq,-0.026331502769727927,0.5820947689364355
Cisd3,0.0290818313486203,0.5821985605037826
Cltb,0.0457380726633847,0.5821985605037826
Csmd1,0.07369645721357598,0.5828521966044464
Stx8,-0.0064860292100888395,0.5829225640567121
Enox1,-0.021387038967709285,0.5834487351636954
Mcrip1,-0.029179427632157917,0.5834487351636954
Mrpl47,0.027746818169551574,0.5834487351636954
Ppp3cb,0.04025981994946959,0.5834487351636954
Tcaf1,0.03943572540973317,0.5834487351636954
Ctsl,-0.007627797906908096,0.5838358341756353
Dusp26,0.009939397687556362,0.5838358341756353
Golga7b,0.0196918372151242,0.5838358341756353
Rbmxl1,-0.02189541219838599,0.5838358341756353
Baz1b,-0.025027722975827726,0.5841395032297457
Brd2,-0.0278355553052943,0.5841395032297457
Srpk2,0.041059073745500996,0.5846187290002117
2310061I04Rik,0.03160014430190383,0.5855446279399067
Exosc5,-0.001454743308777956,0.5858931167012756
Pgrmc1,-0.024336378077628118,0.5858931167012756
Prkrip1,-0.023416850527324132,0.5858931167012756
Snapc3,0.002216331264190491,0.5858931167012756
Wwp2,0.01445263807311209,0.5858931167012756
Dnajc10,0.018916094630165747,0.5861275890984339
Golph3,0.026498994046129182,0.5867333952183235
Psmd12,0.03651680552860964,0.5867333952183235
U2af1,0.029990930316273368,0.586944010825688
Cops2,-0.035357835713500096,0.5875312494665075
Scp2,0.021538206429692508,0.5875312494665075
Ubxn6,0.038548159220774425,0.5875312494665075
D17Wsu92e,0.005103005500521451,0.5891296128679097
Brcc3,0.03162276314112106,0.5899348439743723
Hnrnpul2,-0.030578284872510186,0.5906185117486167
Ptov1,-0.028857613666065762,0.5906185117486167
Timm10,0.03745467876682307,0.5906185117486167
6430548M08Rik,0.024551185954408528,0.5914021570858463
Cct2,-0.04377343411109358,0.5914021570858463
Glo1,-0.034928968397802296,0.5914021570858463
Hmgn1,-0.036396119562162266,0.5914021570858463
Lrfn5,0.030707913107303253,0.5914021570858463
Mrpl3,0.027738011073021984,0.5914021570858463
Mrps6,0.02419601586011244,0.5914021570858463
Ptk2b,0.008842576962211232,0.5914021570858463
Srrm1,2.227166648828549e-4,0.5914021570858463
Plekhj1,-0.014443080203640823,0.5917684388195845
Tsr2,-0.026454360205242333,0.591830789091527
Aida,-0.025483452765427073,0.5919587175608518
Gm27029,0.024435998696914596,0.5919587175608518
Fyttd1,-0.03500087866068155,0.5921648421533596
Klf13,0.015172714023885897,0.5921648421533596
Ak6,0.02748818565811914,0.5927513014803291
1700025G04Rik,-0.012024991377656918,0.5928421364098224
Pip5k1c,0.024711719945019223,0.5928421364098224
Ssh2,0.022712348086645462,0.5939126592097237
Apex1,-0.015026801456351546,0.5941178781200115
Snx5,0.017266259523430527,0.5944128209110522
Cox17,-0.04405214005422198,0.5952005464154994
Coprs,-0.021158242936222926,0.595680465957627
Capns1,0.003354995102081648,0.596880501700757
Nlrc4,0.037682861536535106,0.596880501700757
Lancl1,0.039132285295794544,0.5972512210200099
Rab10,0.03599756462866899,0.5978261669297036
Tsen34,-0.03908449544228104,0.5978261669297036
Smim10l1,-0.02234604076775837,0.5978581459384951
Polr3k,0.02061055357812852,0.598273248043424
Slirp,-0.048065537919033674,0.598273248043424
Fam107a,0.0076843305938789075,0.5983419989050013
Uqcrc2,-0.04129295074140943,0.5983419989050013
Adgrb3,-0.046498020046638944,0.5983760549146703
Pantr1,0.018944313144370367,0.5985859665582216
Wdr83os,-0.03262912010942695,0.5985859665582216
Meaf6,-0.020726472476863406,0.5986773285199659
Pigk,0.02506772400266863,0.5986773285199659
Clock,-0.03273078791038839,0.5992506918208356
Ubfd1,0.025023753798700227,0.5992506918208356
Dock4,-0.0034219137983542425,0.601440568475138
B230219D22Rik,-0.027688320509040354,0.601697455029866
Sec62,-0.02039813695675563,0.601697455029866
Stip1,-0.02020428953650444,0.601697455029866
Tpd52l2,0.004964443439600008,0.601697455029866
Ubl4a,0.021352776762055076,0.601697455029866
Apbb2,0.02475771125911394,0.6021970806315503
Kmt2d,-0.02541634041890503,0.6021970806315503
Cetn3,-0.038694829864921954,0.6024834553410134
Cnot7,0.02885729859399369,0.6024834553410134
Dlst,0.027420290733270652,0.6024834553410134
Rusc2,0.009757717660234089,0.6027550794905059
Dda1,0.03650585928782629,0.6028611714335385
Eif3d,-0.028245240841384495,0.6028611714335385
Map3k13,-0.005826023626876675,0.6028611714335385
Mapre2,0.01137671313205757,0.6028611714335385
Nr4a2,0.028057892223667946,0.6028611714335385
Rnf7,-0.01630227784053262,0.6028611714335385
Rpl7l1,0.01896760361684144,0.6028611714335385
Slc12a5,0.03493093128500213,0.6028611714335385
Tmem151a,0.027138675989425903,0.6028611714335385
Zeb1,-0.0321975587259376,0.6028611714335385
Gabra1,-0.026595926324062658,0.6033840064951157
Dlg2,-0.003365317998269335,0.6039797042832715
Gpm6b,-0.036678959730947036,0.6039797042832715
Rab4b,0.032378677831008285,0.6039797042832715
Rgmb,-0.011955972505180323,0.6039797042832715
Med21,-0.01818389190627287,0.6044360784584991
Tmem141,0.02644115933865729,0.6044360784584991
Igsf5,0.043586618813765354,0.6046947089764471
Fubp1,-0.010532335978292645,0.6050785593170118
Klhl1,0.044065057660515605,0.6050785593170118
Mff,0.047363415696675015,0.6050785593170118
Rsl24d1,-0.01665425193625772,0.6052943868613693
Tub,-0.011329113663696821,0.6052943868613693
Ddx3y,0.006468260277021853,0.6055181507770939
Ttc3,-0.05192067909260656,0.6055181507770939
Prkcz,0.0016094897824267262,0.6056874249326495
Cryl1,-0.016065970909004273,0.6056934601950291
Zrsr1,-0.02130933170220456,0.6056934601950291
Ppp1r13b,0.004452118821916526,0.6060175392623558
Dlg4,-0.01639896575758057,0.6069814938663665
Sqle,0.028587981382098754,0.6094530554479697
B4galt6,-0.029375189982367517,0.6096554795275592
Inpp5f,0.025643597389085643,0.6106421428949071
Slc9a6,-0.03048117466457495,0.6106421428949071
Mast3,-0.006300089579010043,0.6109220940891635
Mkrn1,0.012925127099521871,0.6109220940891635
Mphosph8,0.01593117749669634,0.6109220940891635
Mpv17,-0.024033095686396,0.6109220940891635
Mrpl51,0.033152698944825365,0.6109220940891635
Pcmtd1,-0.023537872536705057,0.6109220940891635
Trappc5,-0.024326100238260956,0.6112892100465875
Amph,0.033724427696279424,0.6121546323423726
Psma5,0.00169927507061568,0.6121546323423726
2410015M20Rik,0.05822615359175176,0.6123869600869996
1700021F05Rik,0.023300640033475303,0.6127518854467797
Maf1,0.03239994987435246,0.6127518854467797
Myo3a,0.027818927200119303,0.6129617276659702
Acsl3,-0.03138156998022987,0.6131493417791779
Akr7a5,-0.015945476447773277,0.6131493417791779
Akt3,0.028198818673892956,0.6131493417791779
Fn3k,0.018732535621734686,0.6131493417791779
Herc1,0.012526718060395736,0.6131493417791779
Zfp612,0.018412396309351292,0.6131493417791779
Camk2g,-0.010941068604952642,0.6132486071219495
Samm50,0.02779837510695965,0.6147726904675269
Synj2bp,0.028580302589312878,0.6152841043499487
Adgrl1,0.0313136694035559,0.615695538588861
Prkaca,0.014355226429052625,0.615695538588861
Rbm25,0.006864845561327992,0.615695538588861
Syt11,0.06377601220853757,0.615695538588861
Wbp4,0.03305504223093894,0.615695538588861
Ccdc32,0.02624513421889052,0.616616182117016
Herc2,-0.014187974958032118,0.616616182117016
Snrpd2,-0.05216426651263262,0.616616182117016
Dnajc8,0.021557446191966423,0.6178339035292761
Rbbp6,-0.01709903554907996,0.6178339035292761
Tmem59,-0.03148412715928428,0.6180759745747417
Ubl3,0.03147379586704735,0.6182428024743403
Dctn5,-0.03199218974946122,0.6184976224143783
Ints9,-0.012548020031387774,0.6184976224143783
Msra,0.027130441794750743,0.6184976224143783
Abhd17a,0.02746813793602612,0.6186502094623475
BC004004,-0.017422967244207305,0.6186502094623475
Ubap1,0.021406469943310302,0.6186502094623475
Txndc9,-0.02599599800300223,0.6195555003167226
B230118H07Rik,0.04181311256087239,0.619674233176348
Ostc,0.03602163233627165,0.619674233176348
Gria1,0.028398855969695658,0.6197812275132666
St13,0.028972488616662684,0.6197812275132666
Ccdc88a,0.003933743165305648,0.6199258837369408
Slit3,-0.014250519342010465,0.6199258837369408
Lrrc7,-0.028829127270961458,0.6230525436226181
Isca2,0.033696743647893074,0.6230891621161907
Zer1,-0.0076055689866827425,0.6230891621161907
Akap8l,-0.015130205919709178,0.6230943498619153
Ncdn,-0.042632389035728524,0.623189147945039
Slc24a2,0.03353914074236125,0.623189147945039
Hat1,0.00414800560802106,0.6235010902936173
Lsm1,0.02973476866448685,0.6235010902936173
Gm48099,-4.531585378683145e-4,0.6269604820652571
9530082P21Rik,0.006838108801772325,0.6271787964957244
Basp1,-0.0032839592632999404,0.6271787964957244
Cdk17,-0.013647807750474972,0.6271787964957244
Kcnq2,-0.008445760208380837,0.6271787964957244
Kctd2,0.01978611482995868,0.6271787964957244
Slc25a11,0.03406510926769246,0.6271787964957244
Zranb2,-0.02027164018491656,0.6271787964957244
Bcl7b,0.0032671005403082654,0.6271979034324897
Dnajb9,0.01974326396789712,0.6271979034324897
Flywch2,-0.03515880273227018,0.6271979034324897
Sorbs1,-0.02331208599401284,0.6271979034324897
Tnrc6c,-0.02670192050666151,0.6271979034324897
Hdac3,-0.011644896513353487,0.6282870774770497
Tsn,0.042747581217098485,0.6282870774770497
Cmpk1,0.03828694870521776,0.6283329401464041
Eif4h,-0.04460322828764379,0.6283329401464041
Igsf21,0.024223230734910797,0.6283329401464041
Lrrtm4,0.022937364779480773,0.6283329401464041
Shank2,-0.012431274622715427,0.6283329401464041
Zdbf2,-0.00314982185528917,0.6283329401464041
Uba5,0.001997336002299621,0.6287585537332322
Dis3l2,-0.0018339863072559526,0.6310416323751039
Mrpl40,0.004828746716500687,0.6310416323751039
Rhbdl1,0.01834158194641332,0.6310416323751039
Tex264,-0.015865276480032053,0.6310416323751039
Txndc15,-0.01917595368594141,0.6310416323751039
Cipc,-0.012691300970776254,0.6312755363990464
Dpysl3,0.013775404975645139,0.6322254007722687
Prpsap1,-0.018856616718665953,0.6322254007722687
Rac3,0.015576877336657635,0.6322254007722687
Kifc2,0.0020557608576854958,0.6332050453412924
Ppid,-0.029643476424320914,0.6332050453412924
Extl3,-0.012229252394588885,0.6333540115428069
Aak1,-0.013004347907683345,0.6360152590755481
Aimp1,-0.020889451279028304,0.6360152590755481
Rex1bd,-0.01955060712619544,0.6360152590755481
Srebf2,0.02374420001568367,0.6360152590755481
Syf2,-0.012705118418478573,0.6360152590755481
N4bp2l2,0.005725711914241746,0.6374171670241533
Ppp2r5d,-0.0013609977094674042,0.6374171670241533
Map4k4,-0.004228489163809454,0.6375880348664464
Ube2l3,0.019208039377654584,0.6376913688492514
Hprt,-0.043762917049015804,0.6382731036941781
Ppdpf,0.023123025305138906,0.6383739994608377
Nsd3,-0.009101662026312934,0.6391398022204837
Golgb1,-0.007902807169251624,0.6394966014869868
Gnal,0.027571466117912724,0.640456603322927
Tsc22d1,-0.0498497408805082,0.6405300322828837
Btbd10,-0.011442306851213835,0.6408284905878194
Atp2b1,-0.01062403392117886,0.641128546987364
Cisd2,-0.006041144015804301,0.641128546987364
Pgs1,0.02098650883474802,0.641128546987364
Timm22,0.029974110035190016,0.641128546987364
Pten,0.017855016920663574,0.641765053141968
Tkt,2.493995795093684e-4,0.6425865525058285
Stk25,-0.014398195979866024,0.6426336290207532
Psma4,0.013967971578878247,0.6434627445176115
Arrb1,-0.03028470953018053,0.6438058676089362
Gm28928,-0.009174152884013853,0.6440285823148031
Mrpl21,0.03607052403660066,0.6440285823148031
Mrps24,0.0022431017431855382,0.6440285823148031
Dscam,0.04216381444093048,0.6441417146488796
Ccdc107,0.014951815483472242,0.644536339537267
Trim44,-0.009676486624261127,0.644536339537267
Ttc17,0.021083255269186862,0.6449578089195568
Crebrf,-0.024003287787445426,0.6451638773921915
Ralgapa1,0.023520299166133157,0.6463407636760303
Cisd1,0.052359692593921814,0.6466830010272987
Kbtbd2,0.024354329278853254,0.6466830010272987
Nmnat2,-0.016111151421623837,0.6467916745397183
Dnajc7,-0.021256942555333558,0.6478260012816898
Kcnk2,-0.03933987232660768,0.6478260012816898
Asap1,-0.017140231662610944,0.6485153396175338
St3gal5,-0.0018875395916370663,0.648644092820307
Dennd5b,0.021109462401205273,0.6487920998134853
Ube2o,0.020767906967843447,0.6487920998134853
Fbxo3,0.020878461668380338,0.6506607339392786
Eif3k,-0.032197023600969876,0.6507424291698711
Nudt21,-0.02026853143981558,0.6507424291698711
Cope,0.029118723314305872,0.6507964116862655
Dbnl,-0.008870689729385872,0.6507964116862655
Fam168b,0.0016483353847448479,0.6507964116862655
Scaper,0.02457406918225072,0.6507964116862655
Ykt6,-0.0022229371340372617,0.6507964116862655
Mrps23,0.029622685257963105,0.6519189620681414
Plpp3,-0.022762869004389147,0.6525624584854713
Fabp5,0.055195283285588204,0.6533529244752875
Itm2b,0.046376066823756945,0.6533529244752875
Ndufa6,0.058290002265109386,0.6533529244752875
Pqbp1,-0.026217549785504002,0.6533529244752875
Psmb7,0.020003440072445394,0.6533529244752875
Snd1,-0.02054040193736492,0.6533529244752875
Wdr82,-0.019527657986112945,0.6533529244752875
Tsen15,-0.025616994401485293,0.6546357337489528
Slc3a1,-0.046414182333104126,0.6554337031151337
Chchd1,-0.03171873116104729,0.6555107927841003
Eef1d,-0.030590045501720398,0.6555107927841003
Tpr,-0.019601806517262427,0.6555107927841003
Arpp21,0.013178169883951901,0.6568116565239259
Arl6ip4,0.030539946699217335,0.6571006092601774
Ddx1,-0.01339073872340607,0.6571006092601774
Smap2,-0.020962491013074264,0.6571006092601774
Sptbn4,-0.013141224353130532,0.6571006092601774
Gm45774,-0.03294070186757231,0.6572164589129841
Grik3,0.022625532565817175,0.6572164589129841
Hspd1,-0.023937847747959096,0.6572164589129841
Sdf2,-0.007276820415236279,0.6572164589129841
Tmem70,0.01962673678726995,0.6572164589129841
Brd9,-0.015148973248568814,0.6591554850897572
Rab3gap1,0.027409583077532468,0.6591554850897572
Pde10a,0.031510339908913054,0.6600872166668591
Atf4,0.025564592982149525,0.660522652915922
Atl1,0.0027604058504551165,0.660522652915922
Bcap29,-0.01580445222120025,0.660522652915922
Cdk5r2,0.02932760999158182,0.660522652915922
Cuedc2,0.042110871231882285,0.660522652915922
Dgki,0.01980495126714074,0.660522652915922
Gm6563,-0.02479417310823545,0.660522652915922
Mrpl14,0.0036592801282085974,0.660522652915922
Rabep1,0.02109195490197968,0.660522652915922
Rtn1,0.010401208694294617,0.660522652915922
Sdc3,-0.024323325792062506,0.660522652915922
Tceal8,0.01470432426859769,0.660522652915922
Tmem126b,0.021496334813840334,0.660522652915922
Tmod2,0.03805994095659093,0.660522652915922
Pdcd5,-0.03080672628078074,0.6629268547034294
Phf24,-0.027425116485409073,0.6632739606065433
Set,-0.0365032943051779,0.6632739606065433
Ccdc106,0.02014621279373499,0.6649202237122992
Ddx3x,-0.014228284629224874,0.6653584081716467
Hspe1,-0.009116345916831303,0.6653584081716467
Arhgap21,-0.029414039856295315,0.6665744223809129
Cops6,0.0441746864535667,0.6665744223809129
Trappc9,0.014610413422706026,0.6665744223809129
Ubc,-0.02966073207568176,0.6666342921689858
Huwe1,-0.023874945208129994,0.6672437523630281
Brk1,0.05479372970982488,0.6677594542272495
Arhgap35,-0.00706599038753275,0.667856236323253
Glrx2,0.028362850976957454,0.667856236323253
Kpna3,-0.010449932411783103,0.6686124391259197
Ugcg,0.021731327483916776,0.6686124391259197
Chchd2,0.047878752311697914,0.6687768319017408
Ndufs5,0.04700400414784067,0.6688300219698308
Ank2,0.041448072674941105,0.6690213323869267
Bhlhb9,-0.005053059699671986,0.66973851354994
Tnpo1,-0.00637992902183343,0.6699820009543456
Gnao1,0.05161684585738624,0.6706620889975192
Eif1,-0.051345784351066515,0.6724040805378458
Xkr6,-0.022896847477242327,0.6724430929010435
Angel1,-0.009767416865510026,0.6728982406509418
Dcp2,0.017706714268836063,0.6728982406509418
Ccm2,-0.009306132071373235,0.6730418823757086
Gdi1,-0.04777186207765749,0.6732682728085307
BC005624,0.020903080436380145,0.6735297416263581
Bnip3l,0.032734331721250676,0.6735297416263581
Dzip3,-0.0023032580952628,0.6735297416263581
Fus,-0.02147689775193798,0.6735297416263581
Fuz,-0.0015048074800294575,0.6735297416263581
Mlc1,0.009746860755709269,0.6735297416263581
Mrpl18,0.0029371357400910236,0.6735297416263581
Ppm1a,-0.03679554207106478,0.6735297416263581
Ube4b,0.008415491298436578,0.6735297416263581
Ate1,0.00786169269532247,0.6741494466625373
Dnaja1,-0.01390158158091015,0.6741494466625373
Hdgfl2,-0.02355889798057126,0.6741494466625373
Tjp1,-0.02399782491404906,0.6747006764983747
Dgcr6,0.02763464459283793,0.675377316298875
March4,-0.01651165364085666,0.675377316298875
Trim9,0.00704091170939819,0.6785117153070719
Ewsr1,-0.025949607765865274,0.6792173656975725
Ipo7,0.02053141132644426,0.6793659696026441
Arhgef4,-0.01163332075095802,0.6797918866135576
Mrps18a,0.042409562926494004,0.6797918866135576
Dbndd2,-0.028051684064552163,0.6813981016362692
Acbd5,0.021243858083339923,0.6814430241757354
Adcy9,0.03386867462197202,0.6814430241757354
Atp6ap1,0.03602645713364844,0.6814430241757354
Fam173a,-0.0435768205781909,0.6814430241757354
Nacc2,0.023056511519859213,0.6814430241757354
Pdcl3,0.024605520323976615,0.6814430241757354
Ptpa,0.003118830060419131,0.6814430241757354
Gskip,-0.02156725418602161,0.6821221922365077
Madd,-0.03302028546637653,0.6826950453897945
Psme3,0.02387845802673727,0.6839712196268999
Echs1,-0.01030168452658789,0.6841902471137067
Ipo5,-0.023254623344129893,0.6841902471137067
Snhg11,0.02862233303517092,0.6841902471137067
Ube2k,0.012368265868698769,0.6843656634346317
Armc1,0.013921570002826567,0.6851005954108262
Hsp90aa1,0.04364811457198736,0.6851005954108262
Kcnb2,0.021623008173579594,0.6851005954108262
Acsl4,0.02100305959081017,0.6853778468770768
Dpp6,-0.047565245856969085,0.6853778468770768
Stoml2,-0.0022930755471487485,0.6853778468770768
Fnbp1l,-0.014047653667128984,0.6856215283684157
Npepps,0.02648330847707231,0.6856215283684157
Serf2,-0.04006765268753065,0.6856215283684157
Snx1,-0.023585278966482603,0.6856215283684157
Src,-0.022073040375267416,0.6856215283684157
Dut,0.01732802125362301,0.6864240534180812
Gabarapl2,0.013531645074203347,0.6864240534180812
Gm3550,0.0268502938091712,0.6864240534180812
Prkacb,0.003648423953004132,0.6864240534180812
Ssna1,-0.0016578575203203827,0.68755516151482865
Mrps11,1.1951821872663304e-5,0.6880612964517648
Polr2h,0.01616613713385695,0.6880612964517648
Rabgap1l,0.007431652770269526,0.6880612964517648
Srsf11,-0.019145818373031143,0.6880612964517648
Mtfr1l,-0.023622773011977655,0.6883822785054787
Gja1,-0.020316471068073133,0.6891522111373923
Ddx39b,-0.027307260727463478,0.6892879116633465
Snrpb,-0.024044652000550282,0.6892879116633465
Mtor,0.022853966998075376,0.6894497382938846
Wnk2,-0.021988701079537043,0.6896441948855996
Dym,0.024278704985239485,0.6897007110050284
Faf1,0.0047057872297533165,0.6900632749143708
Ssb,0.032834088309901754,0.6900632749143708
Ywhae,-0.05220824878824093,0.6900632749143708
Ggct,0.01745243822993113,0.6902604959964043
Arfgef1,-0.025251854811173646,0.6920208886486071
Ndufs7,0.05103870829807644,0.6920208886486071
Apba2,0.02273597862748153,0.6926140229170087
Disp2,0.03792945087662297,0.6928079073068687
Snrnp70,-0.026727222511117477,0.6928845379763074
Epm2aip1,0.03210524877332821,0.692978038884605
Hnrnpu,0.030540902489424204,0.694088373112328
Lztr1,0.017315386825978774,0.694088373112328
Mbnl2,0.03145946271097427,0.694088373112328
Rb1cc1,0.02478455048674369,0.694088373112328
Rps27l,1.5956594583554917e-4,0.694088373112328
Saraf,-0.039085896595836056,0.694088373112328
Tnrc6a,-0.019147216352672497,0.694088373112328
Lsm7,0.0012561384098978001,0.6942451725801027
Tmco1,-0.019451148355092013,0.6942451725801027
Brwd1,0.003702318887657069,0.6945232275852216
Fh1,-0.025465448062277823,0.6959563751505363
Rab28,-0.026220822616910944,0.6959563751505363
Kif1a,0.045358085126803505,0.6960904826574819
Ppme1,0.029620497376723287,0.6962707287577478
Fah,0.01575745219771807,0.6975147005824492
Unc119,0.009442385163172473,0.6975147005824492
Srrm2,-0.029763531212653294,0.6977076228130836
Commd7,-0.0015023142269988132,0.698309710347323
Ube2h,-0.010614060378039275,0.698309710347323
Pde4b,-0.028785123823267422,0.6988987395059357
Setd3,0.015015153431829964,0.6989571016344157
Clcn3,0.02136140986687779,0.6994545037631391
Clip1,-0.024542844349039583,0.7024633972696063
Prelid3b,0.016969232666906392,0.7024633972696063
Cops7a,0.028424007062162054,0.7025298876303939
Afg3l2,0.014836724807760868,0.7031069185422698
Mrpl20,0.04247255297522479,0.7031069185422698
Pithd1,-0.0339823461762781,0.7031069185422698
Scoc,0.04093770665660057,0.7031069185422698
Igf1r,-0.02127484013821243,0.7031472581318553
Safb,-0.023724347784008476,0.7031472581318553
Sap18b,-0.019455757447734007,0.7031472581318553
Tspan6,-0.008136123915572224,0.7031472581318553
Clybl,-0.012251677145525858,0.703498033146304
Maged1,-0.04867440136026291,0.7037200525661975
Bin1,-0.01872305449175038,0.7042188463524017
Eif4e,-0.020688590004707463,0.7042188463524017
Htatsf1,-0.024220975209853612,0.7042188463524017
Siae,-0.017838179771910267,0.7042188463524017
Wdr5b,0.001165508310057739,0.7042581615054457
Abi2,0.018479397267109066,0.7043541721602884
Ric8a,0.030249895982790542,0.7047049235182612
Mrpl41,0.005391531298856722,0.7071707003612511
Asns,0.021671631326085183,0.7081828583463635
Capza2,-0.03752663378337412,0.7081828583463635
Gm45194,0.0077301509540131375,0.7081828583463635
Tmx1,-0.023589338232404056,0.7086827963135677
Rtcb,-0.03130071840766485,0.708983545827646
Col19a1,0.021629836127874752,0.7099106656377587
Kansl1,-0.013424785511639448,0.7099106656377587
Usp10,-0.004538251880209357,0.7113843957653078
1500011B03Rik,-0.029858578942504488,0.712810359104403
Macf1,-0.03924990455922911,0.7129478549856404
Shtn1,-0.005007966217634802,0.7145361295499032
Sp3,-0.007330760207010456,0.7145361295499032
Dctn6,-0.01327042337887202,0.7145872778092848
Gemin7,2.7117214467914375e-4,0.7145872778092848
Rnf34,0.02615466380687706,0.7150089911682098
Eif4a1,-0.01002870002325118,0.7157212039918679
Wrb,-0.022306015954298736,0.7157212039918679
Zfp207,0.017648079557611412,0.7157212039918679
Otud6b,-0.01461367419885018,0.7161981254745973
Ctbp1,-0.033825647713444484,0.7171011733573686
Exoc4,0.030204185680585693,0.7173722205823349
Fam189a1,-0.0022906330521777207,0.7175405447319254
Iqsec1,0.030627077544057302,0.7175405447319254
Rpp21,0.01298571443207655,0.7175405447319254
Rraga,-0.03664095849977189,0.7175405447319254
Txnl4a,0.009131908887738516,0.7175405447319254
Wdfy3,0.023942370197962304,0.7179194154406295
Psmb4,-0.034744128075045455,0.7180778801825284
Htra1,-0.023104651794509795,0.7186679031357711
Slc3a2,-0.015147766944226537,0.7186679031357711
Chpf2,0.003158523146201575,0.7194037134065367
Cstf3,-0.018487162345946745,0.7194037134065367
Snx21,-0.021453173969445072,0.7195957508308997
Rab12,-0.02094851570451875,0.7197755303228687
Wasf1,-0.017390764272935677,0.7202432588917311
Mkln1,0.02319866753322178,0.7207460177429531
Wasl,0.0025913101308371878,0.7212629668255909
Mycbp2,0.028636210683814778,0.7221085947684363
Pdzd8,0.023281554765078788,0.7229983256972999
1810009A15Rik,-0.009832939928253182,0.7243807918327689
Chmp2b,0.025091603456438627,0.7243807918327689
Vti1b,-0.0428353261683323,0.7243807918327689
Fgfr2,-0.004601450114076977,0.7246152053235246
Fndc4,-0.00643699487618582,0.7246152053235246
Phb2,0.007495409174093887,0.7246152053235246
Tmem234,0.022016428118596776,0.7246152053235246
Zfand5,-0.0018001404744618366,0.7246152053235246
Slc4a4,-0.015133669816503575,0.7251907046771404
Nr1d2,0.008388055920580617,0.7259065324981735
Paqr7,0.01711141266929872,0.7263615054068367
Cmc2,0.018165808642116116,0.7265872279037976
Dph3,0.0016482580046267292,0.7287763140942535
Pitpnm2,0.013399473806283424,0.7287763140942535
Lrp11,0.020068533250311105,0.7298962120289607
Myrip,0.01357237275157934,0.7298962120289607
Acbd6,0.018074426425213674,0.7302320774836353
Tubb2a,0.04486882690750127,0.7306107787019473
Hexb,-0.019516190584774162,0.7308804699789143
Rnf181,-0.02638775704625404,0.731991103629483
R3hdm4,-0.021903634060994465,0.7323685101720251
Eapp,-0.019087504025564292,0.7325066014026211
Kif5b,0.011888439337110923,0.7325066014026211
Ncam2,-0.022754595463677862,0.7325066014026211
Gm21972,-0.0165856344019355,0.7327877120692464
Ctcf,0.023251332606455122,0.7332164898358239
Luc7l,-0.020046806134814354,0.7332164898358239
Rgs7,0.02777969947859832,0.7332164898358239
Tspan13,0.03651865188290487,0.7332164898358239
Mrpl23,-0.016712740031591955,0.7333542881817429
Cacna1e,0.03104988168295364,0.7343563846154149
Arpc5l,0.027915592130771605,0.7347105101282978
Rpl22,-0.025712068717791192,0.7347105101282978
Selenok,0.046877658404136824,0.7347105101282978
Slmap,0.004725480669724752,0.7347105101282978
Emc6,-0.030615973790406814,0.7355352014914649
Kbtbd4,0.010027873728502001,0.7365113887700027
Trpc4ap,-0.027485216659637268,0.7365113887700027
Fam8a1,0.013534817515334446,0.7365125486877734
Smim18,0.02245735432159568,0.7365211700871627
Appl1,0.01662936524977815,0.7365546033247058
Pkd1,0.014813224243057421,0.7365546033247058
Por,0.011694585787195524,0.7365546033247058
Pxk,0.0224154669947976,0.7365546033247058
Tfip11,-0.00834043469139946,0.7365546033247058
Snrnp200,0.00742262967047988,0.7372265109477381
Trappc13,0.02245027759146362,0.7372265109477381
Armc8,-0.022997062650998934,0.7376891936483637
Cinp,0.01636167205678067,0.7376891936483637
Eif4g2,0.04080238685490545,0.7376891936483637
Glyr1,-0.005970153692488822,0.7376891936483637
Mef2d,0.015132415323075465,0.7376891936483637
Mrpl28,0.018957904245117174,0.7376891936483637
Naa38,0.011985241463893792,0.7376891936483637
Pef1,0.017518870273924875,0.7376891936483637
Pja2,0.04448523039903807,0.7376891936483637
Prnp,-0.04629317288871626,0.7376891936483637
Smarcd1,-0.03024623674146043,0.7376891936483637
Tm2d1,-0.024140174623494937,0.7376891936483637
Tra2b,0.017551332590214935,0.7376891936483637
Ulk2,0.01934259743407951,0.7376891936483637
Usp22,-0.023909722147255952,0.7376891936483637
Ppp1r2,-0.021509982633548086,0.7389240540086062
Ccdc92,0.029148947634248912,0.7396718500894557
Cdc42se2,-0.006078183049077035,0.7396718500894557
Gm20604,-0.001482920910237051,0.7396718500894557
Lonp2,-0.006893900500561823,0.7396718500894557
Ntn1,-0.025411337537802642,0.7401390177971382
Cux1,-0.011147361228406122,0.7404691297090924
Timm8b,0.023347169482418773,0.7416323262382075
Prrc2b,-0.01788122750081883,0.7431892081184779
Llph,0.01903751727047215,0.7433496989621116
Snn,0.008670445287899398,0.7433496989621116
Bend6,0.017876165621781293,0.7440527529135509
Scand1,-0.026308929732122815,0.7440527529135509
Shisa4,-0.02376965474169071,0.7440527529135509
Sirt2,-0.01947092505192935,0.7440527529135509
Tma7,-0.017100716619975365,0.7440527529135509
Top1,0.019987349833924056,0.7440527529135509
Abhd12,0.03460892145511213,0.7442037950457405
Coa3,0.026697656307678064,0.7442037950457405
Gm26917,-0.03681041652918049,0.7442037950457405
Klhl29,0.015731719799903704,0.7442037950457405
Sumo3,0.004817886111597891,0.7442037950457405
Pcmt1,-0.03509781348962593,0.74425193342471
Cct8,0.040033120899925945,0.7443041700205334
Atg3,-0.02048633869346056,0.7449398385167209
Plpp1,-0.015497808710414562,0.7449398385167209
Add1,0.004802675033415887,0.7451636714774444
Cacna1b,0.019496940099459265,0.74691787362741
Scarb2,0.012384558180113692,0.74691787362741
Tubb2b,-0.020573442167921008,0.74691787362741
Btrc,0.0013344478987282193,0.7471914944335885
Cacna1d,0.017978805505500434,0.7471914944335885
Chmp5,0.029203047508335245,0.7471914944335885
Edc3,0.018708134112208563,0.7471914944335885
Kalrn,-0.034545050189843995,0.7471914944335885
Nicn1,0.026073455180838645,0.7471914944335885
Oxr1,0.023469265733428002,0.7471914944335885
Pttg1,-0.02440928495045222,0.7471914944335885
Tmem14a,-0.0021419951721637354,0.7471914944335885
Tpd52,0.01110837215662358,0.7471914944335885
Trim28,-0.021101410581711166,0.7471914944335885
Trp53inp2,0.013816396251804863,0.7471914944335885
Dync1i2,0.006107544194960568,0.7477574098269888
Kndc1,0.014260577509584926,0.7477574098269888
Sf3b1,-0.009313401509030317,0.7489756882394147
Cacna2d2,0.021216340543541823,0.7495629545887724
Slco2a1,-0.023316817238507148,0.7500659246802773
0610037L13Rik,-2.1591014024156807e-4,0.7502127511076835
Dcun1d4,6.090811578128852e-4,0.7502127511076835
Dhdds,-0.0010096752275172705,0.7502127511076835
Lrrc49,-0.0032658418767531894,0.7502127511076835
Lyrm4,-0.015874122039320177,0.7502127511076835
Mrps33,-0.022183611829750483,0.7502127511076835
Psma7,0.007538743956050475,0.7502127511076835
Actr1a,-0.018097903844917662,0.7524658005087652
Bad,-0.014454901982292462,0.7524819731516332
Zfp938,0.010241731347920016,0.7524819731516332
Tsnax,0.010626693341057564,0.7563649070487004
Gm48825,0.040729592048852625,0.7570023822759164
Sem1,-0.04746815188910514,0.7570023822759164
Gatad1,0.0023396757318729366,0.7571609325610457
Mecp2,-0.017434752899523537,0.7571609325610457
mt-Nd2,-0.02100946715936236,0.7582097315525161
Acin1,-0.017138210611154864,0.7584122101535583
Olfm2,-0.00399481356791323,0.7587568059849712
Snrpb2,-0.014047748881334393,0.7587568059849712
Gabbr2,-0.012794947502115073,0.7595692819698843
Tmem91,-4.2982516508111024e-4,0.759825303996346
Fbxo44,0.030514998816109917,0.7599313756346047
Ppm1b,0.026027079124477603,0.7599313756346047
Mrpl10,-0.010700594717336975,0.760994302063557
Ergic1,0.02167525038891535,0.7615486687518148
Nebl,0.010638467583444833,0.7621225705566463
Btbd1,-0.011655140828500388,0.7626770963728263
Mroh1,0.016967263804058247,0.7626770963728263
Cox8a,0.01748532973588368,0.7631463298396044
Rapgef4,0.023201025211340653,0.7631463298396044
Dcc,0.03709876756593494,0.764052553076253
Kidins220,1.961809255990321e-5,0.764052553076253
Nyap2,-0.011257666223783214,0.764052553076253
Pyurf,0.020375671837739112,0.7641705320211779
Nabp2,-0.019107138664205298,0.7644499463770962
Apc,0.02010889751114414,0.7647633741102915
Agbl4,0.005197530862928679,0.7662187572121928
Blcap,-0.031765092097267356,0.7669356197578499
Lhfpl3,-0.01632917787413829,0.7669356197578499
Trim32,-0.026077444789099014,0.7669356197578499
Vps28,0.01215336597599126,0.7669356197578499
Gnb1l,0.002312755691581292,0.7700003250889057
Hist1h2bc,-0.013585910157409592,0.7700003250889057
Celsr2,0.01154514951715968,0.7708745597508573
Pigp,-0.019038314649741428,0.7716569326116203
Ppia,0.03556426114435807,0.7716569326116203
Srcin1,0.01922319620765431,0.7716569326116203
Usp14,-5.299008225236324e-4,0.7716569326116203
Eif3i,-0.02638186482164484,0.7723633347041371
Exosc4,0.011897145668674836,0.7723633347041371
Lingo1,0.020807127598182373,0.7723633347041371
Picalm,-0.011658600584739665,0.7723633347041371
Raph1,0.014625265645130253,0.7725155163218317
Mdga2,-0.02522897503525401,0.7726555012705224
Spag7,0.017325286632907638,0.7730754020852917
Coq2,-0.019074280652064762,0.7730788297454841
Tlk1,0.019895990638831407,0.7742261550960051
Cyb561,0.01788374611738222,0.7743353888853434
Ppp1r7,0.007500192520088128,0.7743353888853434
Ube2j2,-0.021006728870308633,0.7743353888853434
Rhob,-0.014635161266514873,0.7743807724117953
Nek6,0.024602934435193458,0.7746847091063175
Rala,0.005329589647801197,0.7746847091063175
Gm17300,0.001246987373675637,0.774692537589046
Mtmr6,0.015917488472307145,0.7749851529204446
Eif3c,0.00155908682785183,0.7750009439063741
Zfp106,-0.022075133465592922,0.7750009439063741
CT025619.1,0.007624483538826998,0.7752140879791763
Ndufa10,-0.02415129262457405,0.7764242774626028
Oaz1,-0.03037509414224182,0.7764242774626028
Gpx1,0.020058957309557868,0.7765236460857191
Mtch2,-0.02208208616582502,0.7766284116351908
1110004F10Rik,-0.029925617357370204,0.7769545831761285
AI314180,-0.013552086636304334,0.7769545831761285
Col4a3bp,0.022747225559456796,0.7769545831761285
Nsfl1c,-0.018008632294350124,0.7769545831761285
Prkce,0.02378238000874694,0.7769545831761285
Snhg12,-0.003004433565034992,0.7769545831761285
Srp19,-0.006235711646472686,0.7769545831761285
Ppm1k,-0.009767192664289104,0.7772756460611608
Abcf1,-0.009321199694751925,0.7777320102439444
Ggps1,-0.017494084122695847,0.7777320102439444
Ube2r2,0.026009996375317035,0.7777320102439444
Snx6,-0.013935148861776492,0.7783096476266728
Bag5,0.016269625847745092,0.778925360919954
Antxr1,-2.256041977388018e-4,0.7789366886314764
Ddx6,-7.787096723742004e-4,0.7789366886314764
Dtd1,-0.028784742860282042,0.7789366886314764
Efhd2,-0.02340055793259216,0.7789366886314764
Fam169a,-0.011503271389514846,0.7789366886314764
Rab27b,-0.01940522812406789,0.7789366886314764
Ptbp3,-0.01493363317170976,0.7793418588704796
Srgap1,0.0037042736955827937,0.7795372236271023
Rimbp2,0.017901012159827534,0.7797174252369563
Cltc,0.03620738501456211,0.7798926453057172
Psma3,0.004928677650058666,0.7798926453057172
Sptbn1,0.034682367354145205,0.7798926453057172
Syn2,0.02415549022893776,0.7798926453057172
Dip2c,0.021684162284171166,0.7799433322015608
Phpt1,0.014459882959337145,0.7800552389962473
Pdcd10,-0.003755545817831718,0.7812518333417334
Cul3,0.019168011352810127,0.7813400366457964
Pclo,0.028899252830829558,0.7813400366457964
Prkar2a,-0.017848365495402835,0.7813400366457964
S100a6,-0.014224441552977696,0.7813400366457964
Snx27,0.019742133150809332,0.7813400366457964
Tmem199,-0.008731588855100086,0.7813400366457964
Ntrk2,-0.022940565628417342,0.7816207425639369
Dnm1l,0.024005325999511995,0.7824603648103319
Etfa,0.018630134792270492,0.7825998775793948
Rer1,0.0062459900788033595,0.7832485734862455
5031439G07Rik,-0.017916862255142912,0.7849162922755913
Fat3,0.007458496740996273,0.7849162922755913
Slc25a18,-0.016203185158929587,0.7849162922755913
Yars,-0.018157885404194635,0.7849162922755913
Hid1,-0.010548903748382632,0.7852298615678716
Psmc3,0.01232076775662827,0.7852298615678716
Ap2a2,-0.008441375402581885,0.7853701065650041
Agbl5,0.018958247679567303,0.7854354225649822
Pts,0.007707841576441221,0.7855385913661377
Kars,0.02120535238893606,0.7873737222781095
Minos1,0.0321952432872874,0.7873737222781095
Sparcl1,-0.027958286374527797,0.787418436818605
Fip1l1,0.022544802192900948,0.7876899874526729
Tbcc,-0.00977327516399755,0.7884106218648264
Capza1,-0.014556031587322216,0.7885016045267769
Prpf19,-0.01815482376505817,0.7885016045267769
Zfand6,-0.0029499455543644526,0.7888690204330137
Sbno1,-0.008527178395787205,0.7888998356318856
Sfxn1,-0.022684172329668295,0.7888998356318856
Mtf1,-0.017532683752610245,0.7889146118126462
Pfdn4,-0.02583301287994394,0.7889146118126462
Npas3,-0.012367551776381602,0.7901611979204315
Tppp,0.002388258799416232,0.790747594924947
Cand1,-0.013262861196038173,0.7908299534794313
Srp14,0.044484177882983755,0.7923871161859768
Rbx1,-0.028504216013562678,0.7925598822212496
Rab14,0.00594922796649433,0.7927755697528045
Rasgrf2,0.0073028969330262705,0.7927755697528045
Rpl28,-0.03222579503527223,0.7927755697528045
Lsm4,-0.006172509903622281,0.7933818770871836
Gabarapl1,0.029354308099056148,0.7944508229973065
Lrrfip2,0.004023382655276325,0.7945207630061316
Chn1,0.019908063890538452,0.7949820351853741
Eif3j1,0.005564915309812762,0.7949820351853741
Cdc37l1,-0.010804089431678654,0.7960203660239702
1110065P20Rik,0.01273476702082059,0.7967024499470248
Ndel1,-0.018055724466215423,0.7967024499470248
Rab21,-0.015783432983780044,0.7967024499470248
Usf2,0.001757436375731114,0.7967024499470248
Dnajc30,0.008226785970880682,0.7967499841132001
Ilf3,-0.002000148389470352,0.7967499841132001
Derl1,-0.0015955737169046913,0.797802254662965
Rbbp4,-0.01932233082509721,0.7980133753223758
4833439L19Rik,0.010646362005714477,0.7991691517797204
Kif1b,0.01803894055480537,0.7991691517797204
Nkiras1,-9.965712961111928e-4,0.7991691517797204
Paqr8,-0.016398555141324933,0.7991691517797204
Kdelr1,0.004813735890189991,0.7996047975951904
Nucks1,-0.026452455070534953,0.7996047975951904
Glrx5,0.0293951867841572,0.7996716399872097
Rph3a,0.0018990762803679506,0.7996716399872097
Zc3h13,1.740951825481285e-4,0.7999582884420928
Gabrb3,-0.014961794716966292,0.8006765448443351
Mgrn1,0.011920094507116646,0.8006765448443351
Ccdc38,0.021961125230146816,0.8007671063037036
Fis1,-0.005542588744900545,0.8007671063037036
Sgta,0.005026553942113765,0.8007671063037036
Evi5,0.01706274055384882,0.8013211159430482
Gabarap,-0.033130297807410614,0.8013211159430482
Nudt16l1,-0.011279077502628077,0.8013211159430482
Ap3d1,-0.01039585534724996,0.8020854690589592
Cggbp1,-0.016291224752918027,0.8021049734338962
Mbnl1,0.017684464470942296,0.8021049734338962
Terf2ip,0.008825091820987674,0.8021049734338962
Cct4,-0.02441258418128689,0.8021610119089452
Cdc25c,0.024819117159404713,0.8021610119089452
Dnaja2,0.0029800223855243058,0.8021610119089452
Eif4b,-0.0182745924571677,0.8021610119089452
Large1,0.014375736656186855,0.8021610119089452
Mapkap1,0.02704742203474947,0.8021610119089452
Rhoa,-0.018151977092151383,0.8021610119089452
Ppp3ca,0.03162234030207234,0.8022431730297844
Clptm1,0.023748986332947475,0.802642657650797
Ilf2,0.008265753583726942,0.8027085614593424
Lamtor3,-0.016742077884959378,0.8027085614593424
Nufip2,0.015469920245739496,0.8027085614593424
Zmat2,-0.03487845546854329,0.8027085614593424
Frmd4a,9.825260347778308e-4,0.8032564811572435
Hsph1,0.0069889467685161355,0.8035674078548658
Mkrn2,8.917315596753128e-4,0.8035674078548658
Acat2,0.016436373355272288,0.8038084213022489
Chordc1,0.009003228159295606,0.8038084213022489
Crmp1,0.017768348423467528,0.8038084213022489
Gria4,-0.02690084273844262,0.8038084213022489
Mapre3,-0.009143022438493409,0.8038084213022489
Zc3h15,0.023877241209414424,0.8038084213022489
Keap1,-0.005767581473132388,0.8049291105650914
Tiprl,-0.011232300602516954,0.8049291105650914
Tbc1d24,0.0015323754048404414,0.8049515608045189
Gfra4,-0.004547506528522899,0.8051107265968199
Lysmd2,0.0019583082927788764,0.8055063588691451
Hadhb,-0.012909790566631024,0.8056208914892603
Nif3l1,-0.006755391477896611,0.8057733987561722
Arfrp1,0.001441180214054788,0.8064254301642159
Rab11fip4,0.018338340421807403,0.8064254301642159
Ndufb11,0.03825142483602617,0.806481990539934
Lingo2,0.01137465220351136,0.8066315033127341
Ptdss1,0.011255456737942926,0.8066315033127341
Eif2b5,0.006846688671064138,0.8076105433290081
Idh3g,0.021531119952753197,0.8076105433290081
Rbm17,0.012674875517598494,0.8076105433290081
Eri3,0.021026710448097508,0.8076504583398945
Atp8a2,-0.012968103177182666,0.8082922605475147
Chgb,-0.010436946760639165,0.8082922605475147
Luc7l2,0.024921994313706453,0.8082922605475147
Nomo1,0.0025403968845870983,0.8082922605475147
Smpd1,-0.00908042001959497,0.8082922605475147
Snph,-0.013260055837418544,0.8082922605475147
Araf,-0.03010019585661472,0.8087244681864831
Fxr1,-0.015251395358040432,0.8087244681864831
Necap1,0.0029646794466411386,0.8087244681864831
Selenof,0.028093488854045834,0.8087244681864831
Cdc37,0.025254688631489608,0.808745145860279
Fam174a,0.012507733827080036,0.808745145860279
Lysmd4,0.018415012846785206,0.808745145860279
Tmem147,0.013398276366401896,0.808745145860279
Wipi2,0.02072221465084642,0.8106879677129541
Rabac1,0.034064438256422136,0.8107235330311915
Pgbd5,0.004785892820117682,0.8114714729533877
Ubxn11,0.029789111440267857,0.8118392991955532
Chd3os,-0.008538743442437768,0.8120514209974615
Dock9,-6.798167726801418e-4,0.8129534040530861
Dynll1,-9.480816195295283e-4,0.813902171466248
Ncoa1,0.0028835405433672856,0.813902171466248
Pomgnt2,-0.015935111699310403,0.8146039563998941
Map2,-0.021406004928050226,0.8146950301828919
Scn1b,0.004155664312285062,0.8146950301828919
Elp6,-0.00548064780732728,0.8149548670760289
Mettl26,-0.01780207406702733,0.8149548670760289
Nemf,0.018395273257755917,0.815650629737458
Phb,0.008917570222939486,0.8156619595741461
Braf,6.889430433555943e-4,0.8160539938470138
Actr8,0.010043280176526587,0.8162126315150278
Habp4,0.011919157236566558,0.8162126315150278
Mrpl55,-0.008952964787608375,0.8162126315150278
Mbd3,-0.01986803890763303,0.8178213653632579
Grk2,-0.011516541916120587,0.8183951184640132
Fkbp1a,-0.039726494222428466,0.818739037858138
Wdr37,0.019532051616982432,0.8188341274901965
Plcb1,-0.028198364549285482,0.8189327328310957
Csrnp3,-0.01973612863479729,0.8195193383223492
Map9,-0.011059866176287236,0.8195193383223492
Tollip,0.018025467101125375,0.8195193383223492
Rangap1,0.03649819795358533,0.8195800387025228
Mrpl24,0.003328535619443268,0.8201363896938759
Nsun2,0.016023126086187722,0.8201363896938759
Pole4,0.0026957192541897518,0.8201363896938759
Tspyl1,0.014815973168541163,0.8201363896938759
Mvb12b,-0.0068238026893437664,0.820616150726123
Taf1,0.01824740785210524,0.820616150726123
Ankrd40,0.007928254759670877,0.8216805086010832
Fasn,-0.0175655315463914,0.8216805086010832
Srsf6,-0.015311024477018986,0.8216805086010832
Arcn1,-0.01576153003523978,0.8226636633509246
Aurkaip1,0.023885245921563714,0.8226636633509246
Gstm5,-0.032625891146114916,0.8226636633509246
Gabbr1,-0.03745686429066164,0.823137078794886
Med30,-0.018210334780071447,0.8233608401044602
Abcc5,-0.011586487902842585,0.8233956188919226
Ccdc28a,-0.013020952578801565,0.8233956188919226
Commd3,-0.015213386193109968,0.8233956188919226
Dpy30,-0.02323735228501378,0.8233956188919226
Mlf2,0.02620260868060076,0.8233956188919226
Nme2,0.027443413024893615,0.8233956188919226
Slc25a14,0.008557789345155373,0.8233956188919226
Crym,0.01603046119828236,0.8236052486420204
Hpf1,-0.003688309481958696,0.8236900253938586
Cry2,0.011426859470167,0.8249920931264015
Fnta,0.014818179238632545,0.8249920931264015
Gm42688,0.024816283790737248,0.8249920931264015
Hectd4,0.014974804106858086,0.8249920931264015
Pfdn6,0.012478165947565012,0.8249920931264015
Supt6,-5.795337350105734e-4,0.8249920931264015
Inpp4a,-0.018447380327640928,0.825278358284265
Ss18l2,0.01784845713268063,0.825278358284265
Ranbp17,0.011839096489568768,0.8252944419097517
Phf5a,-0.016248709478435763,0.8262254693618319
Rps6kb1,-0.0034331106272248446,0.8268735764092193
Fhl1,-0.011008428652127505,0.8270230433404954
Anapc5,0.024124444892454466,0.8272033797548184
Hint2,-0.015549235988805865,0.8272033797548184
Clcn4,0.018775169035091382,0.8274683867031721
Ncbp2,0.007351865110992228,0.828083355880521
Timm10b,0.02712061395735077,0.828083355880521
Mid1ip1,-0.018717450335882596,0.8283517498975546
Clns1a,0.0034355817058632776,0.8283614194298378
Gpatch8,0.011787963719793376,0.8283614194298378
Mrpl30,0.003140588352045448,0.8283614194298378
Slc35g2,0.013146309185403285,0.8283614194298378
Zfp428,-0.012871335867545547,0.8283614194298378
Cdadc1,-0.01659491029969537,0.8286035562354009
Tufm,0.007595738387877082,0.8301623797892232
Rapgef2,-0.0159435075301341,0.8301709305998057
Ost4,0.01507999757490383,0.8303384377721785
Eif3f,-0.019146935897444872,0.8318078754715608
March6,-0.018310076589139634,0.8318078754715608
Prrt1,-0.0029029116035930724,0.8324713496816281
Dtnb,-0.014134451534912912,0.8326130149710487
Mrps26,-0.024720908359419813,0.8340546070020083
Dnajc27,0.022818373863669583,0.8341720579090183
Dner,0.005574815722732773,0.8341720579090183
Nudt4,0.01562605254717281,0.8341720579090183
Fam92a,-0.018672367127907263,0.8343655335944902
Mrpl57,0.02355618278888516,0.8343655335944902
Ropn1l,0.011369197830956385,0.8343655335944902
Srm,0.01299272968551124,0.8343655335944902
Ttbk2,0.003591420162555453,0.8343655335944902
Letm1,0.014626925702285687,0.834512650652876
Mapre1,0.009594153341390604,0.834512650652876
Nudt3,-0.025840834691877146,0.834512650652876
Ptprs,0.022004411684600378,0.834512650652876
Nrd1,0.005390750248284004,0.8347211471340709
Mdm4,0.004078430356001084,0.8348812013469914
Hipk1,-0.004154869016941301,0.8360481610649039
Manf,0.00788175184028736,0.8360481610649039
Ncs1,0.0026246994709806237,0.8360481610649039
2310035C23Rik,-0.013803203795719199,0.836593920316934
Camta2,-0.0013785040202258791,0.836593920316934
Crot,0.007361967358886945,0.836593920316934
Ctps2,0.006005935042822541,0.836593920316934
Fbxo31,-0.015123487598232122,0.836593920316934
Gmps,0.011932546825868529,0.836593920316934
Hbb-bt,-0.0031014492069771915,0.836593920316934
Limch1,-0.0016562062231133268,0.836593920316934
Maoa,-0.007599987576365874,0.836593920316934
Mrpl38,-0.0018719527080008902,0.836593920316934
Mul1,-0.01073598053923483,0.836593920316934
Nr2c2,-0.006721087294345257,0.836593920316934
Slc25a46,0.0038885307163462335,0.836593920316934
Thoc3,-0.016385518847502167,0.836593920316934
Immp1l,-0.015059817841533818,0.8367414466521242
Celf4,-0.027151976515825016,0.8369065871501377
Csnk1g2,-0.007348510935941466,0.8371786529239214
Clvs1,-0.01716530693771523,0.837596604794337
Faim2,-0.025791606608208617,0.837596604794337
Gm21992,-0.012480412004669456,0.837596604794337
Gtf2h5,0.022334215682985603,0.837596604794337
Med29,-0.01199180822637963,0.837596604794337
Jak1,-0.016122082602652882,0.8379452962296736
Epn1,-0.011686239486754957,0.8381589847163796
Bod1,0.012608686209448494,0.8388418692614601
Ppfia3,0.014727736563226068,0.8401605906765501
Ap1ar,0.0019546439245802794,0.8401998202572187
Auts2,-0.020961992089900128,0.8401998202572187
Kxd1,0.009907271962679431,0.8401998202572187
Glg1,0.015840635900792016,0.8402300463177178
Rab9,-0.005826100197310058,0.8402630929194038
Cog4,0.004551098851907548,0.8405849113922912
Gm43796,0.012116054907830076,0.8405849113922912
Prdx6,-0.028247931754626365,0.8405849113922912
Syt16,-0.014696073770237322,0.8405849113922912
Tmx3,0.013320444248271501,0.8405849113922912
Ak3,0.002062262406208465,0.8413018368094527
Arf3,0.011716557857276655,0.8413018368094527
Txndc17,-0.011164041601194385,0.8413018368094527
Pcyt2,-0.009370724482608311,0.8413821552352857
Morf4l2,-0.03447963403862975,0.8420650233419825
Nisch,-0.020390639209625472,0.8420650233419825
Rit1,0.01106712054866385,0.8420650233419825
1810022K09Rik,0.0064082570174566755,0.8425239241662411
Cux2,0.011872479839495118,0.8425264934423149
Cfl1,0.032561216338447,0.8427624116385701
Babam2,-0.003978996686703068,0.8427752288411912
Snx32,0.013092354481137103,0.8427752288411912
Ppp1r12b,-0.011233183775894495,0.8430693683801173
Ahsa1,-0.016724417948572823,0.843395283432805
Mrps34,0.014602610554300621,0.843395283432805
Tmem126a,0.0163460282094664,0.8437804093794078
BC031181,0.021093758842917087,0.8441640971115544
Chd3,-0.02100914804308751,0.8441640971115544
Cyp46a1,0.009267240168031127,0.8442243416680302
Enah,0.021893843996779794,0.8442243416680302
Hars,-0.009321386688472044,0.8442243416680302
Ptpra,-0.013549596388481827,0.8442243416680302
Ssx2ip,0.013111291809880993,0.8442243416680302
Efr3b,-0.017233214615108988,0.8453421422337775
Lrba,-0.023863325245742972,0.8453421422337775
Rnd2,-0.01608089110625363,0.8453421422337775
mt-Nd5,0.031651029118257346,0.8453421422337775
Fry,0.00988315435548115,0.8454166184672104
Pcbd1,-0.02086308669009096,0.8454166184672104
Shisa5,-0.006836098551201958,0.8454166184672104
Dapk1,0.01631974953390694,0.8455266972627428
Myo9a,-0.02265550742764877,0.8457195304777936
Tomm6,0.029981446711509152,0.8462655537695323
Dmwd,0.010267785282755654,0.8465977428506211
Ndufa5,0.03534865618794947,0.8471738083150921
Psmb6,-0.02724592653925073,0.8474920787216772
Sil1,0.0032465041872513922,0.8476415868127019
Osbpl2,0.006621755537985691,0.8478836102144256
Bloc1s2,0.004364492902138251,0.8479848253225947
Fbxo11,-0.003800056725092371,0.8479848253225947
Hnrnpa0,-0.01448362730592423,0.8479848253225947
Cul1,-0.014554208837489785,0.848655024076073
Senp5,0.014295576832329793,0.8492951382231706
Ddit3,-0.007711148403673179,0.8495445941158651
Prkar1a,0.033736733010237385,0.8495445941158651
Degs1,0.011986820358394684,0.8504693085846315
Omg,0.0061660269796941225,0.8504693085846315
Fam136a,0.001531404000777975,0.8509368580960993
Ppm1g,0.01178262701266658,0.8509368580960993
Urod,-0.01017093179639772,0.851662012341003
Pafah1b2,-0.010817373776542571,0.8519713462592363
Sgsm3,0.0019235601385381162,0.8527536019321746
Fam49b,0.012687528407099774,0.8531430927764148
Pcbd2,0.014068497014573744,0.8531430927764148
Spryd3,0.0023794059266997736,0.8531430927764148
Egln2,0.0108234515751508,0.8540181145806067
Mtmr3,0.010143465592189052,0.8540181145806067
Ncoa7,0.012895697901831815,0.8540181145806067
Purb,0.017473179299816288,0.8540181145806067
Ralgapb,0.013637004679436238,0.8540181145806067
Rad23b,0.015235243791853037,0.8541653684281856
Fto,-0.022305254775390915,0.8545409949351329
Ube2m,0.015703130286465777,0.8545809379676409
Pmvk,0.004390769487696011,0.8556827033953286
Srp68,1.997450216985608e-4,0.8556827033953286
Tmem175,-0.006033972602722398,0.85576668894014285
Csnk2a1,0.014482015925454839,0.8559276133214292
Akt1,-0.004738845607325626,0.8563897659337478
Xylt1,-0.012522393911381047,0.8563897659337478
Psmd4,0.022889425080550918,0.8566967691760273
Trir,4.5940562600416124e-4,0.8566967691760273
Isca1,0.01913195477940227,0.8568213513855127
Arpc1a,-0.026757270142386658,0.8570093008990537
Psmd14,0.021368979513012587,0.8575150127278075
March5,0.01349574386172403,0.8585670118896382
Pcbp4,-0.017118481972162564,0.8585670118896382
Drg1,-0.019420919681549353,0.8589953881663812
Fpr3,0.010433100104681847,0.8589953881663812
Lgi3,-0.008644429495291428,0.8589953881663812
Rnh1,-0.017406352478238157,0.8589953881663812
Mamdc4,0.01371830969803195,0.8614066605904083
Rcan1,0.013236171405503011,0.8614066605904083
Strn3,0.0011800207906394744,0.8622261474497915
Fundc2,0.014048148593182652,0.8624726262302211
Hmgn3,0.005203891421068307,0.8624726262302211
Cox7a2l,-0.03372091165509361,0.862768507165581
Gch1,-0.024819076896533232,0.862768507165581
Hmg20a,-0.014631087710745228,0.862768507165581
Sgip1,-0.00656157232126886,0.862768507165581
Th,-0.030548905692766137,0.862768507165581
Nars,-8.219565124001349e-4,0.8630561833312633
Borcs8,0.018318904926252433,0.8633882460508948
Esd,-0.024604546825447438,0.8633882460508948
Fbxo9,-0.012289568790105787,0.8633882460508948
Gm17018,-0.017442855889266917,0.8633882460508948
Gm5441,0.014726801112908389,0.8633882460508948
Mocs2,0.00886707981263024,0.8633882460508948
Son,-0.0030493747225591172,0.8633882460508948
Ubr5,0.014437595207943715,0.8633882460508948
Khnyn,-0.016804391106864547,0.8643547602882392
Abhd11,-0.014524634744526699,0.8657607584577067
Arfgef3,0.01576380074941297,0.8659711036250782
Bbs4,-0.007587359394485543,0.8659711036250782
Ddx42,0.01308330085193879,0.8659711036250782
Gm42372,-0.006613322422195339,0.8659711036250782
Mapk1,0.018097694575509526,0.8659711036250782
Ptges3,3.7112150860302284e-4,0.8659711036250782
Unc80,0.0244157769107613,0.8659711036250782
Adgrb1,0.015481217230364414,0.8663348883021065
Fkbp4,9.100748042395468e-5,0.867523518941207
Pdap1,-0.0010090871744190544,0.8679381987650627
Tcf20,-0.01666465308108256,0.8679381987650627
Gabrg3,-0.016369705018494635,0.8687491253413449
Rab5b,-0.0011024948658926448,0.8696348937705775
Rnf41,0.012212173219450506,0.8696348937705775
Vdac3,0.025939259193880515,0.8696348937705775
Zbtb4,0.001578002569996989,0.8696348937705775
Chd6,-0.014910859586333647,0.8707448156671654
Ctnna2,-0.021199015816093736,0.8707448156671654
Anapc11,-0.018370130667779927,0.871120572213848
Arhgap23,0.01139875288378879,0.871120572213848
Retreg2,0.015362471597125893,0.871120572213848
Abhd8,0.008627573962162183,0.8715316246825285
Odf2,0.02121169991928179,0.8715316246825285
Far1,-0.0021338032780819916,0.8722898812517633
Tmem5,-0.012618434387004912,0.8724310914142464
Hax1,0.013673577656700187,0.8730067819404822
Rack1,-0.026761921239461417,0.8733949804513523
Sf3a1,-0.005743990602804033,0.8733949804513523
Mtx1,-0.009703938858428074,0.8745689062543209
Bcan,0.013113314011846178,0.874864835534494
Dpp10,-0.019237776404439633,0.874864835534494
Fbxl17,0.0021394698182510274,0.874864835534494
Fbxl5,0.012046116476599644,0.874864835534494
Gdap1l1,0.01658794265450933,0.874864835534494
Limk2,-0.008163913978017634,0.874864835534494
Pnkd,0.016171331468149447,0.874864835534494
Sdcbp,0.023493543169831654,0.874864835534494
Sept6,0.015305340859652572,0.874864835534494
Ube2q2,-0.001954323967828797,0.874864835534494
Uck2,-0.009520250218765902,0.874864835534494
Lias,-0.008586450958456143,0.8748723066218347
Atcay,0.00993929123151499,0.8751841471927981
Bace1,0.0044000081530901625,0.8751841471927981
Bcas2,-0.023318085991900994,0.8751841471927981
Desi1,-7.407942554556179e-4,0.8751841471927981
Ssr2,-0.019621895809675216,0.8762288557370056
Endog,-0.005104953080199259,0.8768345817156705
Sf1,-0.009757608309021643,0.8768345817156705
Fam96b,0.011484571516981595,0.8777151505923286
Gpat4,0.012494370309173275,0.8777151505923286
Camta1,0.019330558794783292,0.8783438934024616
Tspyl4,-0.008235184828576325,0.8785513675649946
Hexa,-0.011541309131067157,0.8793631333320968
Serp2,-0.018419610808651732,0.8802633772798213
Dzank1,0.02378868728776551,0.8802902785069957
Adcy2,0.01373906637018163,0.88037420430589
Gas7,-0.012040643465402998,0.88037420430589
Pcca,-0.009325194251341762,0.88037420430589
Use1,-0.027089911012743495,0.88037420430589
Tef,-0.009775345620979925,0.8805127134155458
Cdc123,0.005402804566500996,0.8849478799203151
Cebpzos,0.012349812818860884,0.8854847594537723
Eif3a,-0.013587263917371889,0.8854847594537723
Fam19a5,-0.017184378420009278,0.8854847594537723
Mcts1,0.018703928399425473,0.8854847594537723
Ube3a,-0.0010360304420380384,0.8854847594537723
Cx3cl1,0.004798166375783619,0.8856820560482188
Naa20,-0.015830421382574705,0.8866078316201821
Psma2,0.022790519732749925,0.8866078316201821
Skp1a,0.03150531173017579,0.8866078316201821
Sez6l,-0.0077354007425385896,0.8872712464839492
Amfr,-0.0022517182768432287,0.8886780196432907
Eno1b,0.013261328841268266,0.8886780196432907
Prpf6,-0.004466870582514576,0.8886780196432907
Tspan5,0.0020210724169967553,0.8886780196432907
Akr1b3,-0.00723743810262624,0.8889369886858012
Klhdc2,0.01705877805585898,0.8889369886858012
P4htm,-0.010084344316819038,0.8889369886858012
Ubxn8,0.014613994064216707,0.8889369886858012
Psmb1,-0.021225322607219876,0.8907405487780444
Acat1,-0.01874777173258929,0.8911832787969759
Lamtor1,0.022277039639034324,0.892063007885746
Cap2,0.005999528103577095,0.8922204094932014
Ctsa,-0.0028979958061566002,0.8922204094932014
Ogt,0.01209123206634713,0.8922204094932014
Nsg2,-0.008522024405060558,0.8928482812005895
Cpsf6,-0.013240059609881616,0.8940377489490562
Lcmt1,-0.006508378239791723,0.8950683687150828
Snrpf,0.00368150994180233,0.8950683687150828
Sdhaf4,-0.0185967983410672,0.895606502912377
Rnf216,-0.011134953695849839,0.8957053938920406
Sash1,-0.011563699738026595,0.8957053938920406
Acyp2,-0.017651139740249455,0.8964041162788859
Arfip2,0.007705505957418729,0.8964041162788859
Etf1,-0.0121537054408285,0.8964041162788859
Pgp,0.0183290367795792,0.8964041162788859
Ppp2r5e,0.0043633898187558084,0.8964041162788859
Krtcap2,-0.009457831605424294,0.8967765765462872
Pnmal1,-0.016377548562588023,0.8968385013190144
Cul2,0.008173648549078288,0.8973871610151104
Mea1,0.01758544549729424,0.8974735009200826
Aup1,-0.005918849004104804,0.8974950703104095
Crk,-0.011526621254206587,0.8974950703104095
M6pr,0.006958633046516255,0.8974950703104095
Pcdha1,0.01490606491978505,0.8975424957192424
Mical3,-0.012136170653186451,0.8985719156857591
Ostm1,0.011873185748594528,0.8985719156857591
Sfxn5,-0.003405914004005167,0.8985719156857591
Stard3nl,-6.17894734624147e-5,0.8993359266586581
Ankib1,0.012408355161084933,0.8997559332655529
Psd,-0.014132502569281474,0.8997559332655529
Daam1,-0.0084057368167402835,0.9005928656282418
Git1,-0.009871390258651885,0.900913199299829
Hdgf,0.015550033669449237,0.900913199299829
Izumo4,-0.010315130326443989,0.900913199299829
Usp16,0.004904267809020452,0.9013569245805079
Atrn,0.01019045391877721,0.9020125450510591
Begain,0.011569827159855495,0.9020125450510591
Tesk1,0.006563109809299111,0.9020125450510591
2210016L21Rik,0.0017483173597084845,0.9020220101641343
Srrt,-0.012642581266431058,0.9020220101641343
Nat14,-0.013480434995523899,0.902831451040168
Borcs7,0.015836269587908403,0.9036577640485115
Wasf3,0.01119045660710305,0.9036577640485115
Chmp1a,0.01157521747316434,0.9037852918749688
Fbxo25,-0.003793481122501663,0.9041603101383479
Klhdc3,0.012125980898837568,0.9041603101383479
Pin1,-0.015718145398647132,0.9041603101383479
Trrap,0.011256084240470088,0.9041603101383479
Cartpt,0.013924028069619093,0.9051553304489068
Etfrf1,-0.005304083858485659,0.9051553304489068
Ist1,0.008140919702514224,0.9055372104023779
Ppp1r9a,0.0034060791175685445,0.9055580719006477
Dap3,0.009751609873703104,0.9057276970211104
Prr13,-0.013919020300872997,0.9057276970211104
Snrpg,-0.00982308526177994,0.9057276970211104
Hnrnpm,-0.00879386652203687,0.9058581032166586
Tusc2,0.008048712348419196,0.906018031117914
Ap2a1,0.0036117329433951184,0.9060244955793157
Comt,0.012273254324569438,0.9070165869398243
Mzt1,-0.010164951196593996,0.9070445083263391
Ppp6r2,0.009573837641351987,0.9070445083263391
Robo1,0.004168921256490099,0.9070445083263391
Bri3bp,0.00225214761285758,0.9071849646174334
Neo1,-0.001959912488972787,0.9076244582745026
Acsl6,0.013876110350044019,0.9076986137580264
Celf6,-0.014491572695005783,0.9076986137580264
Dtnbp1,0.01593651818888303,0.9076986137580264
Polr2m,-0.021791034950450316,0.9076986137580264
Ramp2,0.007334755939738091,0.9076986137580264
Cdkn2aipnl,-0.009654912994446901,0.9080302383985289
Tnks2,-0.007166379279707674,0.9080724030734151
Chchd3,-0.005894294128325345,0.908187370676026
Scap,-4.693698186330475e-4,0.9083103708231071
Otub1,-0.018147348216743853,0.9085810330909431
Hivep2,0.007442111933744722,0.9085891477681683
Dennd5a,0.006680121492469437,0.9093870650353616
Grin2b,-0.016422759753477456,0.9093870650353616
Gsta4,-0.014515975230995237,0.9093870650353616
Klhl9,3.854996575442249e-4,0.9093870650353616
Nagk,0.007221477756448158,0.9093870650353616
Ncam1,0.02293739505345138,0.9093870650353616
Nrxn2,0.01708366112134535,0.9093870650353616
Ptcd2,-0.010244980392948091,0.9093870650353616
Kif1bp,0.010070174462424336,0.9099936818520984
Plekha5,-0.005364875991223372,0.9099936818520984
Zfr,-0.008522502787482567,0.9102053901806783
Eif3g,-0.014594241115472806,0.9107590684732237
Usp9x,-0.0024025265094949344,0.9107590684732237
Aamdc,-0.014774207225282887,0.9110895358522112
Abcf3,-0.003949601097344713,0.9110895358522112
Azi2,0.008218797271918987,0.9110895358522112
Bccip,-0.013717335974295253,0.9110895358522112
Chmp7,-0.00675435955923534,0.9110895358522112
Fibp,-0.01129875392897614,0.9110895358522112
Higd2a,0.019438490471077208,0.9110895358522112
Nckap1,-0.015967878196231133,0.9110895358522112
Nsa2,-0.009729891435429211,0.9110895358522112
Nt5dc3,0.008499176565731986,0.9110895358522112
Rab24,0.0013216898018457157,0.9110895358522112
Rbbp7,0.001012189383603035,0.9110895358522112
Stx7,-0.018737771891352895,0.9110895358522112
Ybx1,-0.014881664917726217,0.9110895358522112
Dbp,-0.010937928200254632,0.9111801051739046
Hook3,-0.013067394370511826,0.9111801051739046
Atrx,-0.01381853555501475,0.9116600496871451
Ndufaf5,0.014036919176175555,0.9117519697188757
9930021J03Rik,0.003109101139730841,0.9125953876494185
B630019K06Rik,-0.01684918080065978,0.9126129326231308
Fdps,-0.013436087103769118,0.9126129326231308
Emc1,0.010357266960642292,0.9126800639752091
Dhx15,-0.011184010300933023,0.9127427185407389
Alkbh6,0.010993184488780922,0.9137834797191352
Mrpl2,-0.011583288516116563,0.9143754052564829
Dmac1,0.011304456799121704,0.9160256613745593
Sh3bgrl,0.01416819753414042,0.9163490065202223
Zmynd11,-0.012061039177831967,0.9167784217627837
Rsrp1,0.016103067078317046,0.9171329262007448
Arpc4,-0.01641051890051759,0.917240847184181
Cib2,0.01151928875062816,0.9175912424692643
Stx1a,-0.004286327225992342,0.9175912424692643
Tcf25,0.024570400360176436,0.9181731171226695
Ndufb4,0.020012848319284737,0.9186901117276596
Ankrd46,0.01535883748656569,0.9191436957842349
Ppp2r2b,-0.017026806216226764,0.9191436957842349
Gm20521,0.009203038185998907,0.9191850615148509
Cfl2,-0.004287763580081372,0.919528747023265
Mat2a,0.015487135115505701,0.919528747023265
Rida,-0.012303300718081223,0.919528747023265
Rnf208,-0.01592570346208594,0.919528747023265
2410004B18Rik,0.01000194599361004,0.9197132603973469
Arhgef3,-0.007951302397972704,0.9197325810271214
Ndufs4,0.022403902984718616,0.9197325810271214
Pigq,-9.743901006947359e-4,0.9198313168979342
G3bp2,-0.014496978078966716,0.9202333663960508
Lrp1,-0.013725434055037233,0.9202333663960508
Fastk,0.007762501151822004,0.920294946885137
Sh3bgrl3,-0.011279803610091454,0.920294946885137
1110008F13Rik,0.002425257181073892,0.9203523141064757
Kpna4,0.00851338099169395,0.9203523141064757
Gfpt1,0.0023460026857152483,0.920707974835964
Tmem208,-0.010704487663377199,0.9208629248765788
Sept11,0.0010394126848365937,0.9209086833798307
Adipor1,-0.0046124960425551476,0.9213827027651237
Adprh,-0.013658498771990407,0.9224616310946038
Aldoc,-0.008312250998090853,0.9224616310946038
Eef1akmt1,-0.004036095381270088,0.9224616310946038
Jtb,-0.008263083128625892,0.9224616310946038
Nsd2,0.010110060437722362,0.9224616310946038
Rab15,-0.01170972688754332,0.9224616310946038
Thyn1,-3.083107409322938e-4,0.9224616310946038
Ubxn4,0.01249580136961953,0.9224616310946038
Vps53,0.011548882400176874,0.9224616310946038
Mras,0.012629272696645238,0.9225825961306923
Ajap1,-0.0011328627848053996,0.9226632120858678
Tmem205,0.012515994396906288,0.9226632120858678
Gm49373,0.013967446837936215,0.9228667476976783
Rock2,0.009400504319086705,0.924012467121828
Tm9sf2,-0.010887250348242755,0.924012467121828
Vps11,0.009000782249869999,0.924012467121828
Gm44503,0.011076581575303196,0.9243107661359369
Napa,0.019606267534106547,0.9243107661359369
Dnajb1,-0.003839723089674507,0.9252457587435534
Anapc16,0.002064102372919957,0.9256140574495808
Ap1g1,0.006724908789708883,0.9256140574495808
Dennd1a,0.01040954141826364,0.9256140574495808
Psmb3,1.0158095958812119e-4,0.9256140574495808
Josd2,-0.007896467228135168,0.9262725159214149
Mboat7,-0.009153470773108713,0.9262725159214149
Pcsk5,-4.653557726709834e-4,0.9262725159214149
Sdhc,0.014422784051195403,0.9262781034028105
Uchl3,-0.007851226891121776,0.927383307713168
Cnih2,0.006772961768763686,0.9274023038075646
Lgmn,0.008555037308916075,0.9284622813151011
Chd4,-0.010561516790370401,0.9294438681957172
Pacs1,0.008961296774205568,0.9294438681957172
Gm15564,-0.0030140205401165687,0.9312342212539708
Tmem222,-0.00262659684808747,0.9312342212539708
Tspyl2,-0.014425866687140299,0.9312342212539708
Csmd3,-0.015529375415092916,0.9323517373478443
Gm35769,-2.1612633181739005e-4,0.9323517373478443
Golga7,-0.006732604777651835,0.9323517373478443
Il31ra,0.010493484437947842,0.9323517373478443
Kctd13,-0.0037728740490408363,0.9323517373478443
Sec61g,0.005811215957260904,0.9323517373478443
Tecpr1,-0.0064595571618762115,0.9323517373478443
Rai1,-0.009767928113223023,0.9324241493491672
Rpl23a,-0.0020628840887280953,0.9324241493491672
Slc2a3,0.00594662700496601,0.9324241493491672
Jkamp,-0.011319257650207165,0.9325691227539247
Polr2c,0.013303490035599441,0.9328004828664663
Tmem167,0.009849665630631582,0.9333302931495949
Atxn7l3b,0.005348021474775366,0.9335644502283919
Bcap31,-0.01273243416243619,0.9336730477648602
Ckap5,-0.008891163076532566,0.9336730477648602
Dync1h1,0.010337642272603143,0.9336730477648602
Eif3l,-0.0026030167043389896,0.9336730477648602
Fam131a,-0.004347682284711829,0.9336730477648602
Hectd1,-0.010206478398825075,0.9336730477648602
Lrrc59,0.00983634882388576,0.9336730477648602
Mmp24,0.012261090243701811,0.9336730477648602
Npy,-0.008517871494501283,0.9336730477648602
Polr2j,0.01337676432110313,0.9336730477648602
Txnl1,-0.01547108242986961,0.9336730477648602
U2surp,-0.007955033736979367,0.9336730477648602
Vps4a,0.0050193968648125364,0.9336730477648602
Gm10131,0.00676878961231947,0.9339738191118077
Psenen,-0.008699286828547398,0.9339738191118077
Ugp2,0.006762564170297358,0.9339738191118077
Nap1l4,-0.0021137391313069687,0.9346453170628792
Ndufaf8,0.015909365044788792,0.9346453170628792
Tbca,0.023295620810741102,0.9346453170628792
Alkbh7,-0.01155294743836724,0.9362237174587861
Arhgef7,-0.0025755790632485953,0.9362237174587861
Bcas3,-0.004206685206994937,0.9362950119037392
Dnajb14,0.009782363573747371,0.9362950119037392
Pkig,-0.009645761357836735,0.9362950119037392
Txnrd1,-0.009341783719200497,0.9362950119037392
Aktip,-0.008751008923599146,0.9368959309172036
Ddrgk1,-0.010269643346217855,0.9368959309172036
1110032A03Rik,0.009233775939579192,0.937013403351039
Pdzrn4,-0.0015814209712003147,0.9370835242985467
Csdc2,-0.009407210264429589,0.9376763871395234
Creld1,0.007891277192986823,0.9377205697143675
Dusp8,0.009598977242807671,0.9377205697143675
Qdpr,-0.021592718488902318,0.9377205697143675
Rabl6,-0.011427176269121986,0.9377205697143675
Ppp2r2c,-0.003714664787831501,0.9383169184715652
Psmd2,-0.012500699798534354,0.9383169184715652
Luzp2,-0.012699692491708381,0.9385149203204411
Ndufb5,0.003234797282254398,0.9385149203204411
Fam208a,0.008287921532910941,0.939139697559303
Mrpl4,-0.00556485185977601,0.9392031800463685
Arl15,0.006467402495350494,0.9401689773983928
Rnf13,-0.0041103352116543534,0.9401689773983928
Srsf7,-0.008476424277722439,0.9401689773983928
Fnbp1,-0.013802955920163451,0.9406116266698692
Gm26848,-0.006144077698745448,0.9406116266698692
0610012G03Rik,0.009014203384636654,0.9408271116514062
Rsrc2,-0.009450487027186955,0.9408271116514062
Cntd1,0.007121486428570523,0.9412021545576593
Leprotl1,0.0022017175833057012,0.9412021545576593
Mapk10,-0.01534315966045513,0.9412021545576593
Prrc2a,0.0015438659877708982,0.9412021545576593
Ptp4a2,0.011378012673466942,0.9412021545576593
Rasgrf1,0.009039816011916807,0.9412021545576593
Scn2a,0.012886800471759163,0.9412021545576593
Slc25a23,-0.002980951616798594,0.9412021545576593
Snrpe,0.012856303955962156,0.9412021545576593
Spag9,-0.0015656729697310912,0.9412021545576593
Stau2,0.009222389826342492,0.9412021545576593
Stoml1,-0.0038342587099241265,0.9412021545576593
Tbc1d9b,0.00880952923958088,0.9412021545576593
Tmem258,0.0010775522532172621,0.9412021545576593
Tprgl,0.017262324140125962,0.9412021545576593
Metap2,0.014622162339331224,0.9416203071419273
Vdac2,-0.010385795128254438,0.9429651498152543
Jmjd8,-0.020061455965832087,0.9431995725414015
Usp20,-0.006879678797391597,0.9441221300883216
Asb3,-0.007480779715871633,0.9447307067537782
B3galt1,0.01831028955275038,0.9447307067537782
Erh,-0.004429675219421336,0.9447307067537782
Fuom,-0.0027019783868992286,0.9447307067537782
Rapgef6,0.00887680352601683,0.9447307067537782
Wdr33,-0.005431701257434529,0.9447307067537782
Tm7sf2,0.005789390680384088,0.9448653403066378
Babam1,-0.012596514232483313,0.945313205802969
Enc1,-0.0011981345987821246,0.945313205802969
Taok1,0.004674182188738718,0.945313205802969
Adh5,-0.006595056929659171,0.9455027860574743
Lncpint,-0.009021316519002953,0.9455027860574743
Sarnp,-0.006971900837829004,0.9455027860574743
Tmem135,-0.008047009149870304,0.9455642615450123
Gm11808,0.004443081254834946,0.9455810781967001
Strn4,0.009878954023897796,0.9456218323194238
Tbcb,-0.012563443291936371,0.9458052495663863
Cnot4,0.008256293590664904,0.9468242556510462
Ptk2,-0.007306418571297296,0.9468242556510462
Chchd7,-0.009286553476254733,0.9469998189058323
Megf11,0.005484588664303888,0.9469998189058323
Smim26,0.009491171510247587,0.9469998189058323
Arfgap1,-0.006258987778754915,0.9473619883278959
Eif2s2,-0.016603771072924767,0.9473619883278959
Paics,0.007388466701797297,0.9473619883278959
Zmym2,-0.0071782664353758074,0.9473619883278959
Strap,-0.0028949943063262817,0.947687284011516
Sez6,0.006133312199567212,0.94774563775407
Ttyh1,-0.009972105473145143,0.94774563775407
Csmd2,0.011781009714996737,0.9477810677668306
Nbdy,0.008929633011831917,0.9477810677668306
Ociad1,0.01402476896506355,0.9477810677668306
Prdx3,0.007367003688423662,0.9477810677668306
Taf11,-0.009031054301070124,0.9477810677668306
Lrpprc,0.008934766101069469,0.948025211534037
Mpped2,0.009075429938429191,0.948025211534037
Pbrm1,0.008835569737097676,0.948025211534037
Ndufa8,-0.01726493592775291,0.9483194935258608
Bmpr2,-0.009094269623701579,0.9493211785850901
Trip12,0.005923265846867809,0.9496277758727727
Eya2,0.008272538679344021,0.9496758794370413
Tomm7,0.019858514939319116,0.9496758794370413
Ttc1,0.011524341355419354,0.9498077266193563
Atad1,0.006263305672971897,0.9498312341974974
Rnf11,0.015962592240860274,0.9498312341974974
Arl2,-0.009219505072414313,0.9504852129425118
Birc6,-5.754705430581208e-4,0.9506014259721862
mt-Nd1,0.011778568016020063,0.9506014259721862
Coro1c,0.005596407397055608,0.9507243669636488
Gm26582,0.0015606622706472728,0.9517737128674993
Grik5,0.007960427908029144,0.9522493969591148
Phf20,0.009225266853242098,0.9526148039570409
Mib1,-7.909444174222513e-4,0.9528256117620477
Vps8,0.008624091905536674,0.9528256117620477
Ppp2ca,-9.725082726518286e-4,0.9528441904080576
Yaf2,-0.005550161387267993,0.9533956123724413
Atp2c1,0.00696046444027984,0.9535245485439494
Rabgef1,-0.00872304424042808,0.9545764046779773
Borcs5,-0.007610870105887263,0.9563806409463744
Xiap,-0.006695380532916434,0.9563806409463744
Bcr,-0.007462203519154831,0.9574201443686257
Cask,-0.00865369766609922,0.957439816737143
Jph4,0.0050329816783648285,0.957439816737143
Med12l,0.008741040628513913,0.957439816737143
Nipsnap1,0.0032253050113547066,0.957439816737143
Utp3,-0.008261776919352481,0.957439816737143
Pmm1,-0.00584591938320278,0.9575539007393177
Cops8,-0.004339843768202567,0.957719196965349
Ssr4,-0.012439843127876327,0.957719196965349
Vps37a,-0.0024875291165540048,0.957719196965349
Canx,-0.01270470258115175,0.957774932913074
Soga3,-0.004392023659879035,0.957774932913074
Cetn2,-0.005632097189780305,0.9582888011649526
Hnrnpa1,-0.004179853340657291,0.9582888011649526
Olfr77,-0.004938069323362854,0.9582888011649526
Pdcd6,-0.006741933827411423,0.958385687806489
Psmg4,-0.0019542139665593428,0.9588862254980023
Gnl1,-0.008090226809052165,0.9590430317361821
Uba2,0.009412159340519921,0.9590430317361821
Zfp451,-0.007965978927970019,0.9592192430897847
Drap1,0.01594365179905477,0.9595821520943992
Mrpl45,0.0030061308071507864,0.9595821520943992
Wdr18,-0.009501052802597748,0.9595821520943992
0610009B22Rik,-0.005374594367564045,0.959726117031013
Dync1li1,0.009700597313579334,0.959726117031013
Exoc3,0.005201998208412967,0.959726117031013
Ina,0.002351265540533276,0.959726117031013
Fam171b,-0.008942050162273896,0.9599328349287135
Afdn,-0.008521809507134936,0.9599403482662094
Csnk1a1,-0.011727243844452728,0.9599403482662094
Ttc33,-0.004053012703468223,0.9608521940607104
Sntg1,-0.006429374308910163,0.9610583616326608
Zfp148,0.007355205982370466,0.9610583616326608
Agrp,0.008319428557296449,0.9616427365346711
Ctnna1,-0.0018908780572581274,0.9616427365346711
Cttnbp2,0.006605516377507087,0.9616427365346711
Dazap2,-0.006233156542414742,0.9616427365346711
Ensa,0.0013883290075306642,0.9616427365346711
Ermp1,-3.599446730254141e-5,0.9616427365346711
Fam103a1,-0.004588513551948337,0.9616427365346711
Flot1,-0.0014936403159794276,0.9616427365346711
Hibadh,0.00846908390560594,0.9616427365346711
Ik,-0.01001873881255716,0.9616427365346711
Mia3,0.007700186133680315,0.9616427365346711
Mrps25,0.01051163380019804,0.9616427365346711
Mrto4,-0.005763393366090108,0.9616427365346711
Mtmr9,-0.0076618682433652885,0.9616427365346711
Polr3h,-0.007265847742068565,0.9616427365346711
Ppp1r12a,0.0026366311268982145,0.9616427365346711
Ranbp9,0.006631136677043542,0.9616427365346711
Scamp1,0.0025979208606069504,0.9616427365346711
Spin1,-0.00832045598978337,0.9616427365346711
Trappc3,0.004349133541107553,0.9616427365346711
Trim37,-7.202634616949033e-4,0.9616427365346711
Zmiz1,0.004409496818003511,0.9616427365346711
Ndufaf3,0.007926924322181506,0.9628630866816327
Camsap1,-0.005867032791221138,0.9633721137619867
Eif5b,-0.004127883689394707,0.9633721137619867
Hikeshi,-0.00620638083336672,0.9633721137619867
Syt17,0.009035808026664316,0.9633721137619867
Ctsb,0.006707836195534833,0.9638386182147545
Bloc1s1,0.0015526325377323569,0.963858051162941
Mrps10,0.00820781984548094,0.963858051162941
Tardbp,-0.00402144403830651,0.963858051162941
Nedd4l,0.007446841726156894,0.9639199233076933
Eipr1,-0.0029729574502376788,0.9639247780884073
Gm26820,-0.007025138498636119,0.9639247780884073
Magi2,0.014155539894253333,0.9639247780884073
Xkr4,-0.011286127154331416,0.9639247780884073
Tsg101,0.003792070383918822,0.9640545442199044
Commd9,-0.0031727184631173133,0.9648783575398648
Atp1b3,0.0041396976063601265,0.9660200998903121
Ift22,-0.008375296643401003,0.9660200998903121
Mrps7,0.00968690462765065,0.9660200998903121
Wac,0.006951575126870252,0.9660200998903121
Emc7,-0.01099084751168422,0.9664604226556197
Rgs17,0.00509045488658838,0.9674625190665553
Os9,-0.00652957577627547,0.9676693167672092
1500011K16Rik,-0.0037409035169118088,0.9681890212600703
Agap3,0.0015861575891739643,0.9696688404560488
Apopt1,-0.003922203112020295,0.9697942827220452
L1cam,0.006625975049456029,0.9704537972781347
Med10,-0.005062141260977898,0.9704537972781347
Shank1,0.0015547393833545975,0.9704537972781347
Elp2,0.00603779416424341,0.970945099341742
1810058I24Rik,0.004858955605423765,0.9714607540783321
Ccdc85b,-0.0029591393952044243,0.9714607540783321
Emc2,-0.0069961375717153,0.9714607540783321
Gigyf2,0.004432440848610331,0.9714607540783321
Gm9803,-0.007992673981699117,0.9714607540783321
Ifitm7,0.00432478200559222,0.9714607540783321
Insig2,0.00530012740403496,0.9714607540783321
Ndufaf4,0.0024615780336619125,0.9714607540783321
Nmt1,0.0068010800954728945,0.9714607540783321
Pkia,-0.009357374851029332,0.9714607540783321
Rhot1,0.0061813253068145335,0.9714607540783321
Scn3a,-8.862299361120374e-5,0.9714607540783321
Sf3b5,0.007594020147275338,0.9714607540783321
Tfg,-0.0013348381669001097,0.9714607540783321
Utp11,-0.005717132190675614,0.9714607540783321
Arhgef17,-3.590525824106461e-4,0.9716239099887836
Tlk2,-0.00465365096672779,0.9718173363431741
Eef1e1,0.004672227935357098,0.9724271864238516
Map2k4,0.010220492773886036,0.9732248637346905
D10Jhu81e,0.006863821289062322,0.9740264229616815
Ids,0.004228285077308935,0.9740264229616815
Mrps18c,-0.00819786235010711,0.9740264229616815
Msmo1,0.0013432544886317066,0.9740264229616815
Tex2,-0.005515968220988612,0.9740264229616815
Tmx4,-0.011289770735192106,0.9740264229616815
Mtch1,-0.006007511210630367,0.9740799758798716
Commd8,-0.001639604310750109,0.9741210799856653
Cd200,-9.525936802024515e-4,0.9748037551536047
Zfp808,0.0055028502808166235,0.9748037551536047
Tm9sf3,0.00487180500502335,0.9753600295657837
Pfdn1,-0.0018421252174682934,0.9756085422226415
Nrbp1,0.006110896303648028,0.9756882640959277
Wnk1,-0.00685072952960028,0.976126876705897
Nefl,-0.005826829620252827,0.9766274252552384
Dmtn,0.007478735113011337,0.9768902044819817
Srxn1,0.004806513244480504,0.9771854428354918
Atxn1,0.007629606848384929,0.9781001411108587
Eif6,0.0025675767982693276,0.9781001411108587
Gfm2,0.006969418589117149,0.9781001411108587
Tiam1,0.0011643462583475483,0.9785483870523631
Psmc4,-0.0070139041552408354,0.9790903429483617
Bub3,9.184080656392257e-4,0.9790966226495083
Vps13d,0.0026130871221800855,0.9790966226495083
Spred2,-0.004546221458073624,0.9797203019625337
Tmed3,-0.005531639557236817,0.9797203019625337
4932438A13Rik,0.004953326865195923,0.9798743156685247
Ccdc85a,-0.0051435827817051805,0.9813248184275891
Snhg20,-0.0033820841072601804,0.9813248184275891
Asah1,-0.003059409182587264,0.9815513005236062
Boll,-0.004206754185319211,0.9815513005236062
Fam234b,-0.003972893783623713,0.9815513005236062
Nt5c2,0.0057496244517204476,0.9815513005236062
Maea,0.005025295231737392,0.9822572706251289
Mrps16,0.007266656930084381,0.9822572706251289
Pdgfa,-0.005750649375619005,0.9823768412303029
Zfand3,0.003059931321967635,0.9823768412303029
Pnpla8,0.003271262352604276,0.9829121667855257
Ift46,-0.0018710627368271893,0.9835425204371004
Eif5,0.00865863552922963,0.9836048454659478
Hba-a1,-0.004476844489053777,0.9844281419770239
Ppp6r3,-0.002160205768879958,0.9844281419770239
Psmd13,0.00433434773585456,0.9844281419770239
Chchd4,0.002145548246285489,0.9849245378898929
A230050P20Rik,-0.0019626755542659635,0.985130838261037
Ccdc47,0.0014461560864909018,0.9855266812389608
Cdk4,0.0012598401389283809,0.9855266812389608
Cox19,0.0032391255401863772,0.9855266812389608
Gm47512,-0.003548097316297877,0.9855266812389608
Smim11,0.0020095431664105545,0.9855266812389608
Sppl3,0.004925470571458923,0.9855266812389608
Dyrk1a,6.484091715968643e-4,0.9859526889942979
Megf8,-3.159391354101426e-4,0.9859526889942979
Mrps28,-0.0044257336812692505,0.9859526889942979
Pld3,-0.0057127477615662725,0.9859526889942979
Unc50,0.003912774533686519,0.9859526889942979
Wbp2,-0.0033346286971403516,0.9859526889942979
Snapin,-0.004084926571460479,0.9861684340113025
Epha6,0.006381697493119898,0.9866544396479398
Faim,-9.446941233796635e-4,0.9866855846187053
Mgea5,0.0018809317854271979,0.9866855846187053
Hmgcs1,-0.003562355306502507,0.9877341190746862
Ap3b2,0.0022609284914516525,0.9877477946809378
Dcun1d5,-0.005849818446512889,0.9877477946809378
Dnmt3a,0.0016217422477437793,0.9877477946809378
Hivep3,0.0016872758294812218,0.9877477946809378
Nae1,0.005138119668263719,0.9877477946809378
U2af1l4,-0.0026695721802254824,0.9877477946809378
Unc79,-0.0037724222504947613,0.9877477946809378
Usp15,0.003549565866036608,0.9877686835832638
Dcaf11,0.003789288070208341,0.9878097885325839
Ralgps1,0.004106970796856346,0.9883727082317538
Psmd5,6.077440028919578e-4,0.9883898823257604
Dctn1,0.0035355894256575704,0.9885651511163163
Grip1,0.0030437128551405734,0.9891300099676484
Arhgap26,-1.6673901391028867e-4,0.9894802255487227
Idnk,0.0021035517325451725,0.9894802255487227
Nedd8,-0.00841017398129651,0.9894802255487227
Rab5c,-0.0036468625040440295,0.9894802255487227
Slc27a1,0.0023902143326420267,0.9894802255487227
Coa6,-0.002750192248216002,0.9898292473205842
Mcee,-7.598370786950914e-4,0.9898292473205842
Arf1,-0.002029213588200518,0.9916586233038983
Denr,0.00467189326487194,0.9916586233038983
Dhcr24,0.0014510213370667324,0.9916586233038983
Edf1,-0.0035161697773472556,0.9916586233038983
Galnt13,0.001971158249108873,0.9916586233038983
Ppp1cb,-0.0067381351731506944,0.9916586233038983
Rfk,-0.0014918752034589478,0.9916586233038983
Synrg,0.0026121136527354483,0.9916586233038983
Tox4,-9.417270868373184e-4,0.9917361087877883
Hecw2,6.332175928180084e-4,0.9918584863126523
Tnks,-0.0018610129705882994,0.9918584863126523
Unc13a,3.90705534180108e-4,0.9918584863126523
Nxf1,0.0013813859666974293,0.9919513132621978
Sfpq,-0.0037152112889425326,0.9919513132621978
Eif4a3,-0.0020003996452672423,0.9923139313160307
Sbds,-0.0020104970635255737,0.9923139313160307
Neurl1a,-0.0023928213860307523,0.9931274761292882
Nktr,0.0012473898572231967,0.9933785751549926
Sar1a,-0.0033067222853322975,0.9935163234257431
Eif2s1,0.0017056910037950568,0.9935838565197309
Rnmt,0.001636516564427093,0.9935838565197309
Rpn2,-6.262853421508119e-4,0.9935838565197309
Mrpl12,0.0010411487447783974,0.994814849533511
Epn2,-0.002025236339000175,0.9951736633232363
Rbfox2,-0.0025984776973765333,0.9951736633232363
Ten1,0.002501408281679718,0.995516597463167
Abca2,0.0017946886287125985,0.9957315347901086
Sos1,-3.277471052123837e-5,0.9962233774034611
Ap1b1,0.0019615421546244627,0.9978859312155968
Grb14,-9.551656841694511e-4,0.9993115397828956
Pstk,5.67807148251831e-4,0.9996399259015074
Cfap53,-3.780994454953557e-5,0.9999835030207482
Psmd11,-2.6440018289775047e-5,0.9999985216067969
